{
  "flowchart_quest_num": {
    "precision": 1.0,
    "recall": 0.9661016949152542,
    "f1-score": 0.9827586206896551,
    "support": 59,
    "confused_with": {}
  },
  "cpplus_content": {
    "precision": 0.9707446808510638,
    "recall": 0.8763505402160864,
    "f1-score": 0.9211356466876971,
    "support": 1666,
    "confused_with": {}
  },
  "micro avg": {
    "precision": 0.9718129404228059,
    "recall": 0.8794202898550725,
    "f1-score": 0.9233110164333537,
    "support": 1725
  },
  "macro avg": {
    "precision": 0.9853723404255319,
    "recall": 0.9212261175656703,
    "f1-score": 0.9519471336886761,
    "support": 1725
  },
  "weighted avg": {
    "precision": 0.9717452975639839,
    "recall": 0.8794202898550725,
    "f1-score": 0.9232433310158801,
    "support": 1725
  }
}