{
  "CPPLUS_CONTENT": {
    "precision": 0.0,
    "recall": 0.0,
    "f1-score": 0.0,
    "support": 4,
    "confused_with": {}
  },
  "cpplus_content": {
    "precision": 0.0,
    "recall": 0.0,
    "f1-score": 0.0,
    "support": 3297,
    "confused_with": {}
  },
  "flowchart_quest_num": {
    "precision": 0.5833333333333334,
    "recall": 0.05,
    "f1-score": 0.09210526315789473,
    "support": 140,
    "confused_with": {}
  },
  "micro avg": {
    "precision": 0.5833333333333334,
    "recall": 0.002034292356873002,
    "f1-score": 0.00405444540978859,
    "support": 3441
  },
  "macro avg": {
    "precision": 0.19444444444444445,
    "recall": 0.016666666666666666,
    "f1-score": 0.03070175438596491,
    "support": 3441
  },
  "weighted avg": {
    "precision": 0.023733410830185025,
    "recall": 0.002034292356873002,
    "f1-score": 0.003747380657397635,
    "support": 3441
  }
}