{
  "flowchart_quest_num": {
    "precision": 0.9130434782608695,
    "recall": 0.9545454545454546,
    "f1-score": 0.9333333333333332,
    "support": 44,
    "confused_with": {}
  },
  "cpplus_content": {
    "precision": 0.9336043360433605,
    "recall": 0.7681159420289855,
    "f1-score": 0.8428134556574923,
    "support": 897,
    "confused_with": {}
  },
  "CPPLUS_CONTENT": {
    "precision": 0.0,
    "recall": 0.0,
    "f1-score": 0.0,
    "support": 4,
    "confused_with": {
      "cpplus_content": 4
    }
  },
  "micro avg": {
    "precision": 0.9323979591836735,
    "recall": 0.7735449735449735,
    "f1-score": 0.8455754771544245,
    "support": 945
  },
  "macro avg": {
    "precision": 0.6155492714347434,
    "recall": 0.5742204655248133,
    "f1-score": 0.5920489296636086,
    "support": 945
  },
  "weighted avg": {
    "precision": 0.9286952407136219,
    "recall": 0.7735449735449735,
    "f1-score": 0.8434606734300922,
    "support": 945
  }
}