{
  "flowchart_quest_num": {
    "precision": 1.0,
    "recall": 0.9928571428571429,
    "f1-score": 0.996415770609319,
    "support": 140,
    "confused_with": {}
  },
  "cpplus_content": {
    "precision": 0.991166077738516,
    "recall": 0.9859402460456942,
    "f1-score": 0.9885462555066079,
    "support": 2845,
    "confused_with": {}
  },
  "CPPLUS_CONTENT": {
    "precision": 1.0,
    "recall": 1.0,
    "f1-score": 1.0,
    "support": 4,
    "confused_with": {}
  },
  "micro avg": {
    "precision": 0.9915909855364952,
    "recall": 0.986283037805286,
    "f1-score": 0.988929889298893,
    "support": 2989
  },
  "macro avg": {
    "precision": 0.997055359246172,
    "recall": 0.9929324629676124,
    "f1-score": 0.9949873420386423,
    "support": 2989
  },
  "weighted avg": {
    "precision": 0.9915916664991896,
    "recall": 0.986283037805286,
    "f1-score": 0.9889301789232533,
    "support": 2989
  }
}