{
  "CPPLUS_CONTENT": {
    "precision": 1.0,
    "recall": 1.0,
    "f1-score": 1.0,
    "support": 4,
    "confused_with": {}
  },
  "flowchart_quest_num": {
    "precision": 1.0,
    "recall": 1.0,
    "f1-score": 1.0,
    "support": 102,
    "confused_with": {}
  },
  "cpplus_content": {
    "precision": 0.9921985815602837,
    "recall": 0.9834797891036907,
    "f1-score": 0.987819947043248,
    "support": 2845,
    "confused_with": {}
  },
  "micro avg": {
    "precision": 0.9924812030075187,
    "recall": 0.9840731955269401,
    "f1-score": 0.9882593159775396,
    "support": 2951
  },
  "macro avg": {
    "precision": 0.9973995271867612,
    "recall": 0.9944932630345636,
    "f1-score": 0.9959399823477494,
    "support": 2951
  },
  "weighted avg": {
    "precision": 0.9924788087221306,
    "recall": 0.9840731955269401,
    "f1-score": 0.9882574548756491,
    "support": 2951
  }
}