{
  "cpp_practice": {
    "precision": 0.9,
    "recall": 0.8181818181818182,
    "f1-score": 0.8571428571428572,
    "support": 11,
    "confused_with": {
      "want_to_practice_cpp": 1,
      "greet": 1
    }
  },
  "want_to_practice_cpp": {
    "precision": 0.782608695652174,
    "recall": 0.6428571428571429,
    "f1-score": 0.7058823529411765,
    "support": 28,
    "confused_with": {
      "want_to_ask": 3,
      "dont_want_to_give_flowchart_quest_num": 2
    }
  },
  "cpplus_why_asking": {
    "precision": 0.93,
    "recall": 0.9117647058823529,
    "f1-score": 0.9207920792079208,
    "support": 102,
    "confused_with": {
      "dont_want_to_give_flowchart_quest_num": 3,
      "cpplus_what_asking": 2
    }
  },
  "dont_want_to_ask": {
    "precision": 0.75,
    "recall": 0.8571428571428571,
    "f1-score": 0.7999999999999999,
    "support": 7,
    "confused_with": {
      "stop_asking": 1
    }
  },
  "corona": {
    "precision": 0.9285714285714286,
    "recall": 0.8666666666666667,
    "f1-score": 0.896551724137931,
    "support": 15,
    "confused_with": {
      "stop_asking": 1,
      "cpplus_what_asking": 1
    }
  },
  "who_are_you": {
    "precision": 0.9473684210526315,
    "recall": 0.7659574468085106,
    "f1-score": 0.8470588235294116,
    "support": 47,
    "confused_with": {
      "cpplus_what_asking": 4,
      "out_of_scope": 2
    }
  },
  "insult": {
    "precision": 0.7169811320754716,
    "recall": 0.8260869565217391,
    "f1-score": 0.7676767676767677,
    "support": 46,
    "confused_with": {
      "out_of_scope": 3,
      "attention": 1
    }
  },
  "goodbye": {
    "precision": 0.5,
    "recall": 0.14285714285714285,
    "f1-score": 0.22222222222222224,
    "support": 7,
    "confused_with": {
      "attention": 2,
      "insult": 1,
      "greet": 1
    }
  },
  "deny": {
    "precision": 0.85,
    "recall": 0.85,
    "f1-score": 0.85,
    "support": 40,
    "confused_with": {
      "cpplus_what_asking": 3,
      "stop_asking": 2
    }
  },
  "feeling_good": {
    "precision": 0.8333333333333334,
    "recall": 0.7142857142857143,
    "f1-score": 0.7692307692307692,
    "support": 21,
    "confused_with": {
      "compliment": 2,
      "feeling_bad": 2
    }
  },
  "feeling_bad": {
    "precision": 0.38461538461538464,
    "recall": 0.4166666666666667,
    "f1-score": 0.4,
    "support": 12,
    "confused_with": {
      "cpplus_why_asking": 2,
      "compliment": 2
    }
  },
  "cpplus_what_asking": {
    "precision": 0.8446601941747572,
    "recall": 0.9015544041450777,
    "f1-score": 0.8721804511278196,
    "support": 193,
    "confused_with": {
      "out_of_scope": 5,
      "insult": 2
    }
  },
  "stop_asking": {
    "precision": 0.6904761904761905,
    "recall": 0.8787878787878788,
    "f1-score": 0.7733333333333333,
    "support": 33,
    "confused_with": {
      "greet": 1,
      "feeling_bad": 1
    }
  },
  "date": {
    "precision": 1.0,
    "recall": 0.3333333333333333,
    "f1-score": 0.5,
    "support": 3,
    "confused_with": {
      "out_of_scope": 1,
      "want_to_ask": 1
    }
  },
  "compliment": {
    "precision": 0.625,
    "recall": 0.7142857142857143,
    "f1-score": 0.6666666666666666,
    "support": 21,
    "confused_with": {
      "out_of_scope": 3,
      "stop_asking": 2
    }
  },
  "affirm": {
    "precision": 1.0,
    "recall": 0.36363636363636365,
    "f1-score": 0.5333333333333333,
    "support": 11,
    "confused_with": {
      "continue_asking": 2,
      "greet": 2
    }
  },
  "thanks": {
    "precision": 0.8461538461538461,
    "recall": 0.7857142857142857,
    "f1-score": 0.8148148148148148,
    "support": 14,
    "confused_with": {
      "out_of_scope": 1,
      "corona": 1
    }
  },
  "flowchart_asking": {
    "precision": 0.9375,
    "recall": 0.9090909090909091,
    "f1-score": 0.923076923076923,
    "support": 33,
    "confused_with": {
      "out_of_scope": 2,
      "cpplus_specific_video_tutorial_asking": 1
    }
  },
  "dont_want_to_give_cpp_content": {
    "precision": 0.0,
    "recall": 0.0,
    "f1-score": 0.0,
    "support": 2,
    "confused_with": {
      "dont_want_to_give_flowchart_quest_num": 1,
      "cpplus_why_asking": 1
    }
  },
  "want_to_ask": {
    "precision": 0.6451612903225806,
    "recall": 0.7142857142857143,
    "f1-score": 0.6779661016949152,
    "support": 28,
    "confused_with": {
      "stop_asking": 2,
      "compliment": 2
    }
  },
  "continue_asking": {
    "precision": 0.7142857142857143,
    "recall": 0.7692307692307693,
    "f1-score": 0.7407407407407408,
    "support": 13,
    "confused_with": {
      "want_to_ask": 2,
      "out_of_scope": 1
    }
  },
  "time": {
    "precision": 1.0,
    "recall": 0.5,
    "f1-score": 0.6666666666666666,
    "support": 4,
    "confused_with": {
      "want_to_ask": 1,
      "cpplus_what_asking": 1
    }
  },
  "attention": {
    "precision": 0.3333333333333333,
    "recall": 0.46153846153846156,
    "f1-score": 0.3870967741935484,
    "support": 13,
    "confused_with": {
      "greet": 2,
      "feeling_bad": 2
    }
  },
  "cpplus_specific_video_tutorial_asking": {
    "precision": 0.875,
    "recall": 0.8484848484848485,
    "f1-score": 0.8615384615384615,
    "support": 33,
    "confused_with": {
      "want_to_watch_cpp_tutorial": 4,
      "cpplus_how_asking": 1
    }
  },
  "out_of_scope": {
    "precision": 0.3488372093023256,
    "recall": 0.35714285714285715,
    "f1-score": 0.35294117647058826,
    "support": 42,
    "confused_with": {
      "cpplus_what_asking": 9,
      "insult": 3
    }
  },
  "greet": {
    "precision": 0.5483870967741935,
    "recall": 0.5666666666666667,
    "f1-score": 0.5573770491803278,
    "support": 30,
    "confused_with": {
      "attention": 7,
      "insult": 2
    }
  },
  "health_inquire": {
    "precision": 0.8421052631578947,
    "recall": 0.9230769230769231,
    "f1-score": 0.8807339449541285,
    "support": 52,
    "confused_with": {
      "feeling_good": 1,
      "want_to_ask": 1
    }
  },
  "want_to_watch_cpp_tutorial": {
    "precision": 0.8333333333333334,
    "recall": 0.8536585365853658,
    "f1-score": 0.8433734939759037,
    "support": 41,
    "confused_with": {
      "cpplus_specific_video_tutorial_asking": 3,
      "flowchart_asking": 2
    }
  },
  "cpplus_where_asking": {
    "precision": 0.6666666666666666,
    "recall": 0.6666666666666666,
    "f1-score": 0.6666666666666666,
    "support": 3,
    "confused_with": {
      "cpplus_how_asking": 1
    }
  },
  "cpplus_when_asking": {
    "precision": 0.8,
    "recall": 1.0,
    "f1-score": 0.888888888888889,
    "support": 4,
    "confused_with": {}
  },
  "dont_want_to_give_flowchart_quest_num": {
    "precision": 0.7419354838709677,
    "recall": 0.7931034482758621,
    "f1-score": 0.7666666666666667,
    "support": 29,
    "confused_with": {
      "deny": 2,
      "cpplus_why_asking": 2
    }
  },
  "cpplus_how_asking": {
    "precision": 0.976878612716763,
    "recall": 0.9135135135135135,
    "f1-score": 0.9441340782122906,
    "support": 185,
    "confused_with": {
      "cpplus_what_asking": 8,
      "cpplus_example_asking": 2
    }
  },
  "want_to_practice_flowchart": {
    "precision": 0.9,
    "recall": 0.9642857142857143,
    "f1-score": 0.9310344827586207,
    "support": 28,
    "confused_with": {
      "want_to_practice_cpp": 1
    }
  },
  "cpplus_example_asking": {
    "precision": 0.9166666666666666,
    "recall": 0.9821428571428571,
    "f1-score": 0.9482758620689654,
    "support": 56,
    "confused_with": {
      "cpplus_what_asking": 1
    }
  },
  "who_create_you": {
    "precision": 0.7857142857142857,
    "recall": 0.5238095238095238,
    "f1-score": 0.6285714285714286,
    "support": 21,
    "confused_with": {
      "out_of_scope": 4,
      "greet": 3
    }
  },
  "accuracy": 0.8175895765472313,
  "macro avg": {
    "precision": 0.7541592452071412,
    "recall": 0.7010421859305691,
    "f1-score": 0.7103610171911643,
    "support": 1228
  },