{
  "cpp_practice": {
    "precision": 0.5333333333333333,
    "recall": 0.7272727272727273,
    "f1-score": 0.6153846153846153,
    "support": 11,
    "confused_with": {
      "out_of_scope": 1,
      "attention": 1
    }
  },
  "want_to_practice_cpp": {
    "precision": 0.6428571428571429,
    "recall": 0.6428571428571429,
    "f1-score": 0.6428571428571429,
    "support": 28,
    "confused_with": {
      "want_to_watch_cpp_tutorial": 2,
      "feeling_good": 2
    }
  },
  "cpplus_why_asking": {
    "precision": 0.8108108108108109,
    "recall": 0.8823529411764706,
    "f1-score": 0.8450704225352113,
    "support": 102,
    "confused_with": {
      "cpplus_what_asking": 4,
      "cpplus_how_asking": 3
    }
  },
  "dont_want_to_ask": {
    "precision": 0.5,
    "recall": 0.7142857142857143,
    "f1-score": 0.588235294117647,
    "support": 7,
    "confused_with": {
      "compliment": 1,
      "want_to_ask": 1
    }
  },
  "corona": {
    "precision": 0.5625,
    "recall": 0.6,
    "f1-score": 0.5806451612903225,
    "support": 15,
    "confused_with": {
      "want_to_ask": 2,
      "cpplus_what_asking": 2
    }
  },
  "who_are_you": {
    "precision": 0.6590909090909091,
    "recall": 0.6170212765957447,
    "f1-score": 0.6373626373626374,
    "support": 47,
    "confused_with": {
      "cpplus_what_asking": 9,
      "insult": 2
    }
  },
  "insult": {
    "precision": 0.5918367346938775,
    "recall": 0.6304347826086957,
    "f1-score": 0.6105263157894736,
    "support": 46,
    "confused_with": {
      "corona": 3,
      "greet": 3
    }
  },
  "goodbye": {
    "precision": 0.6666666666666666,
    "recall": 0.2857142857142857,
    "f1-score": 0.4,
    "support": 7,
    "confused_with": {
      "feeling_good": 2,
      "insult": 1
    }
  },
  "deny": {
    "precision": 0.875,
    "recall": 0.525,
    "f1-score": 0.6562500000000001,
    "support": 40,
    "confused_with": {
      "out_of_scope": 5,
      "cpplus_what_asking": 3
    }
  },
  "feeling_good": {
    "precision": 0.3125,
    "recall": 0.47619047619047616,
    "f1-score": 0.37735849056603776,
    "support": 21,
    "confused_with": {
      "health_inquire": 3,
      "cpplus_what_asking": 2
    }
  },
  "feeling_bad": {
    "precision": 0.6,
    "recall": 0.25,
    "f1-score": 0.35294117647058826,
    "support": 12,
    "confused_with": {
      "compliment": 3,
      "insult": 1
    }
  },
  "cpplus_what_asking": {
    "precision": 0.7358490566037735,
    "recall": 0.8082901554404145,
    "f1-score": 0.7703703703703704,
    "support": 193,
    "confused_with": {
      "out_of_scope": 6,
      "health_inquire": 3
    }
  },
  "stop_asking": {
    "precision": 0.5416666666666666,
    "recall": 0.3939393939393939,
    "f1-score": 0.45614035087719296,
    "support": 33,
    "confused_with": {
      "greet": 3,
      "dont_want_to_ask": 3
    }
  },
  "date": {
    "precision": 0.0,
    "recall": 0.0,
    "f1-score": 0.0,
    "support": 3,
    "confused_with": {
      "compliment": 1,
      "continue_asking": 1,
      "want_to_ask": 1
    }
  },
  "compliment": {
    "precision": 0.2727272727272727,
    "recall": 0.42857142857142855,
    "f1-score": 0.33333333333333326,
    "support": 21,
    "confused_with": {
      "want_to_practice_cpp": 2,
      "stop_asking": 2
    }
  },
  "affirm": {
    "precision": 0.4,
    "recall": 0.36363636363636365,
    "f1-score": 0.380952380952381,
    "support": 11,
    "confused_with": {
      "greet": 3,
      "compliment": 1
    }
  },
  "thanks": {
    "precision": 0.625,
    "recall": 0.35714285714285715,
    "f1-score": 0.45454545454545453,
    "support": 14,
    "confused_with": {
      "compliment": 2,
      "feeling_good": 2
    }
  },
  "flowchart_asking": {
    "precision": 0.7222222222222222,
    "recall": 0.7878787878787878,
    "f1-score": 0.7536231884057971,
    "support": 33,
    "confused_with": {
      "want_to_watch_cpp_tutorial": 2,
      "want_to_practice_cpp": 2
    }
  },
  "dont_want_to_give_cpp_content": {
    "precision": 0.0,
    "recall": 0.0,
    "f1-score": 0.0,
    "support": 2,
    "confused_with": {
      "dont_want_to_give_flowchart_quest_num": 1,
      "cpplus_why_asking": 1
    }
  },
  "want_to_ask": {
    "precision": 0.5121951219512195,
    "recall": 0.75,
    "f1-score": 0.6086956521739131,
    "support": 28,
    "confused_with": {
      "feeling_good": 2,
      "dont_want_to_give_flowchart_quest_num": 1
    }
  },
  "continue_asking": {
    "precision": 0.4444444444444444,
    "recall": 0.3076923076923077,
    "f1-score": 0.3636363636363637,
    "support": 13,
    "confused_with": {
      "want_to_ask": 4,
      "who_create_you": 1
    }
  },
  "time": {
    "precision": 1.0,
    "recall": 0.25,
    "f1-score": 0.4,
    "support": 4,
    "confused_with": {
      "out_of_scope": 1,
      "who_are_you": 1
    }
  },
  "attention": {
    "precision": 0.375,
    "recall": 0.23076923076923078,
    "f1-score": 0.2857142857142857,
    "support": 13,
    "confused_with": {
      "greet": 4,
      "insult": 3
    }
  },
  "cpplus_specific_video_tutorial_asking": {
    "precision": 0.6756756756756757,
    "recall": 0.7575757575757576,
    "f1-score": 0.7142857142857142,
    "support": 33,
    "confused_with": {
      "want_to_watch_cpp_tutorial": 4,
      "cpplus_what_asking": 2
    }
  },
  "out_of_scope": {
    "precision": 0.17073170731707318,
    "recall": 0.16666666666666666,
    "f1-score": 0.16867469879518074,
    "support": 42,
    "confused_with": {
      "cpplus_what_asking": 8,
      "cpplus_how_asking": 4
    }
  },
  "greet": {
    "precision": 0.4,
    "recall": 0.4666666666666667,
    "f1-score": 0.4307692307692308,
    "support": 30,
    "confused_with": {
      "compliment": 4,
      "insult": 3
    }
  },
  "health_inquire": {
    "precision": 0.66,
    "recall": 0.6346153846153846,
    "f1-score": 0.6470588235294118,
    "support": 52,
    "confused_with": {
      "compliment": 4,
      "out_of_scope": 3
    }
  },
  "want_to_watch_cpp_tutorial": {
    "precision": 0.5555555555555556,
    "recall": 0.6097560975609756,
    "f1-score": 0.5813953488372093,
    "support": 41,
    "confused_with": {
      "cpplus_specific_video_tutorial_asking": 5,
      "want_to_practice_flowchart": 2
    }
  },
  "cpplus_where_asking": {
    "precision": 0.0,
    "recall": 0.0,
    "f1-score": 0.0,
    "support": 3,
    "confused_with": {
      "cpplus_how_asking": 2,
      "who_create_you": 1
    }
  },
  "cpplus_when_asking": {
    "precision": 0.6666666666666666,
    "recall": 0.5,
    "f1-score": 0.5714285714285715,
    "support": 4,
    "confused_with": {
      "health_inquire": 1,
      "cpplus_how_asking": 1
    }
  },
  "dont_want_to_give_flowchart_quest_num": {
    "precision": 0.8235294117647058,
    "recall": 0.4827586206896552,
    "f1-score": 0.608695652173913,
    "support": 29,
    "confused_with": {
      "cpplus_why_asking": 7,
      "flowchart_asking": 2
    }
  },
  "cpplus_how_asking": {
    "precision": 0.867816091954023,
    "recall": 0.8162162162162162,
    "f1-score": 0.841225626740947,
    "support": 185,
    "confused_with": {
      "cpplus_what_asking": 7,
      "want_to_watch_cpp_tutorial": 6
    }
  },
  "want_to_practice_flowchart": {
    "precision": 0.6666666666666666,
    "recall": 0.7142857142857143,
    "f1-score": 0.689655172413793,
    "support": 28,
    "confused_with": {
      "cpplus_what_asking": 3,
      "want_to_practice_cpp": 2
    }
  },
  "cpplus_example_asking": {
    "precision": 0.9629629629629629,
    "recall": 0.9285714285714286,
    "f1-score": 0.9454545454545454,
    "support": 56,
    "confused_with": {
      "out_of_scope": 1,
      "health_inquire": 1
    }
  },
  "who_create_you": {
    "precision": 0.5,
    "recall": 0.5238095238095238,
    "f1-score": 0.5116279069767442,
    "support": 21,
    "confused_with": {
      "cpplus_what_asking": 3,
      "want_to_watch_cpp_tutorial": 2
    }
  },
  "accuracy": 0.6677524429967426,