{
  "cpplus_content": {
    "precision": 0.9997750787224472,
    "recall": 0.990198262419247,
    "f1-score": 0.9949636261891438,
    "support": 4489,
    "confused_with": {}
  },
  "flowchart_quest_num": {
    "precision": 0.9906103286384976,
    "recall": 1.0,
    "f1-score": 0.9952830188679246,
    "support": 211,
    "confused_with": {}
  },
  "CPPLUS_CONTENT": {
    "precision": 1.0,
    "recall": 1.0,
    "f1-score": 1.0,
    "support": 7,
    "confused_with": {}
  },
  "micro avg": {
    "precision": 0.9993570510072868,
    "recall": 0.9906522200977268,
    "f1-score": 0.9949855969273445,
    "support": 4707
  },
  "macro avg": {
    "precision": 0.9967951357869816,
    "recall": 0.996732754139749,
    "f1-score": 0.9967488816856894,
    "support": 4707
  },
  "weighted avg": {
    "precision": 0.9993645863029081,
    "recall": 0.9906522200977268,
    "f1-score": 0.9949854333852132,
    "support": 4707
  }
}