{
  "flowchart_quest_num": {
    "precision": 0.9333333333333333,
    "recall": 0.8235294117647058,
    "f1-score": 0.8749999999999999,
    "support": 51,
    "confused_with": {}
  },
  "cpplus_content": {
    "precision": 0.9633569739952719,
    "recall": 0.8716577540106952,
    "f1-score": 0.9152161706906232,
    "support": 935,
    "confused_with": {}
  },
  "CPPLUS_CONTENT": {
    "precision": 1.0,
    "recall": 0.5,
    "f1-score": 0.6666666666666666,
    "support": 2,
    "confused_with": {
      "cpplus_content": 1
    }
  },
  "micro avg": {
    "precision": 0.9618834080717489,
    "recall": 0.868421052631579,
    "f1-score": 0.9127659574468084,
    "support": 988
  },
  "macro avg": {
    "precision": 0.9655634357762017,
    "recall": 0.7317290552584671,
    "f1-score": 0.8189609457857632,
    "support": 988
  },
  "weighted avg": {
    "precision": 0.9618813468477523,
    "recall": 0.868421052631579,
    "f1-score": 0.9126370981063422,
    "support": 988
  }
}