{
  "cpp_practice": {
    "precision": 0.8,
    "recall": 0.7272727272727273,
    "f1-score": 0.761904761904762,
    "support": 11,
    "confused_with": {
      "want_to_practice_flowchart": 2,
      "greet": 1
    }
  },
  "want_to_practice_cpp": {
    "precision": 0.9565217391304348,
    "recall": 0.7857142857142857,
    "f1-score": 0.8627450980392156,
    "support": 28,
    "confused_with": {
      "dont_want_to_give_flowchart_quest_num": 1,
      "stop_asking": 1
    }
  },
  "cpplus_why_asking": {
    "precision": 0.9484536082474226,
    "recall": 0.9019607843137255,
    "f1-score": 0.9246231155778893,
    "support": 102,
    "confused_with": {
      "cpplus_what_asking": 3,
      "cpplus_how_asking": 2
    }
  },
  "dont_want_to_ask": {
    "precision": 0.7142857142857143,
    "recall": 0.7142857142857143,
    "f1-score": 0.7142857142857143,
    "support": 7,
    "confused_with": {
      "want_to_ask": 2
    }
  },
  "corona": {
    "precision": 0.8666666666666667,
    "recall": 0.8666666666666667,
    "f1-score": 0.8666666666666667,
    "support": 15,
    "confused_with": {
      "cpplus_what_asking": 2
    }
  },
  "who_are_you": {
    "precision": 0.8095238095238095,
    "recall": 0.723404255319149,
    "f1-score": 0.7640449438202246,
    "support": 47,
    "confused_with": {
      "cpplus_what_asking": 10,
      "out_of_scope": 2
    }
  },
  "insult": {
    "precision": 0.6190476190476191,
    "recall": 0.5652173913043478,
    "f1-score": 0.5909090909090909,
    "support": 46,
    "confused_with": {
      "out_of_scope": 3,
      "cpplus_what_asking": 3
    }
  },
  "goodbye": {
    "precision": 1.0,
    "recall": 0.14285714285714285,
    "f1-score": 0.25,
    "support": 7,
    "confused_with": {
      "affirm": 1,
      "out_of_scope": 1,
      "who_are_you": 1
    }
  },
  "deny": {
    "precision": 0.7380952380952381,
    "recall": 0.775,
    "f1-score": 0.7560975609756099,
    "support": 40,
    "confused_with": {
      "cpplus_what_asking": 4,
      "who_create_you": 1
    }
  },
  "feeling_good": {
    "precision": 0.6,
    "recall": 0.7142857142857143,
    "f1-score": 0.6521739130434783,
    "support": 21,
    "confused_with": {
      "out_of_scope": 2,
      "cpplus_what_asking": 2
    }
  },
  "feeling_bad": {
    "precision": 0.4375,
    "recall": 0.5833333333333334,
    "f1-score": 0.5,
    "support": 12,
    "confused_with": {
      "affirm": 1,
      "insult": 1
    }
  },
  "cpplus_what_asking": {
    "precision": 0.7924528301886793,
    "recall": 0.8704663212435233,
    "f1-score": 0.8296296296296296,
    "support": 193,
    "confused_with": {
      "out_of_scope": 6,
      "cpplus_specific_video_tutorial_asking": 3
    }
  },
  "stop_asking": {
    "precision": 0.8064516129032258,
    "recall": 0.7575757575757576,
    "f1-score": 0.7812499999999999,
    "support": 33,
    "confused_with": {
      "deny": 2,
      "dont_want_to_ask": 2
    }
  },
  "date": {
    "precision": 1.0,
    "recall": 0.6666666666666666,
    "f1-score": 0.8,
    "support": 3,
    "confused_with": {
      "insult": 1
    }
  },
  "compliment": {
    "precision": 0.29411764705882354,
    "recall": 0.23809523809523808,
    "f1-score": 0.2631578947368421,
    "support": 21,
    "confused_with": {
      "feeling_good": 3,
      "health_inquire": 3
    }
  },
  "affirm": {
    "precision": 0.42857142857142855,
    "recall": 0.2727272727272727,
    "f1-score": 0.33333333333333326,
    "support": 11,
    "confused_with": {
      "compliment": 2,
      "greet": 2
    }
  },
  "thanks": {
    "precision": 0.7692307692307693,
    "recall": 0.7142857142857143,
    "f1-score": 0.7407407407407408,
    "support": 14,
    "confused_with": {
      "cpplus_how_asking": 1,
      "insult": 1
    }
  },
  "flowchart_asking": {
    "precision": 0.9333333333333333,
    "recall": 0.8484848484848485,
    "f1-score": 0.888888888888889,
    "support": 33,
    "confused_with": {
      "want_to_practice_flowchart": 2,
      "out_of_scope": 1
    }
  },
  "dont_want_to_give_cpp_content": {
    "precision": 0.0,
    "recall": 0.0,
    "f1-score": 0.0,
    "support": 2,
    "confused_with": {
      "dont_want_to_give_flowchart_quest_num": 1,
      "cpplus_why_asking": 1
    }
  },
  "want_to_ask": {
    "precision": 0.75,
    "recall": 0.75,
    "f1-score": 0.75,
    "support": 28,
    "confused_with": {
      "cpplus_how_asking": 1,
      "cpplus_specific_video_tutorial_asking": 1
    }
  },
  "continue_asking": {
    "precision": 0.6666666666666666,
    "recall": 0.6153846153846154,
    "f1-score": 0.64,
    "support": 13,
    "confused_with": {
      "want_to_ask": 2,
      "out_of_scope": 1
    }
  },
  "time": {
    "precision": 0.6666666666666666,
    "recall": 0.5,
    "f1-score": 0.5714285714285715,
    "support": 4,
    "confused_with": {
      "out_of_scope": 1,
      "feeling_bad": 1
    }
  },
  "attention": {
    "precision": 0.4,
    "recall": 0.3076923076923077,
    "f1-score": 0.34782608695652173,
    "support": 13,
    "confused_with": {
      "greet": 2,
      "corona": 2
    }
  },
  "cpplus_specific_video_tutorial_asking": {
    "precision": 0.7,
    "recall": 0.8484848484848485,
    "f1-score": 0.7671232876712328,
    "support": 33,
    "confused_with": {
      "want_to_watch_cpp_tutorial": 3,
      "cpplus_what_asking": 2
    }
  },
  "out_of_scope": {
    "precision": 0.3181818181818182,
    "recall": 0.3333333333333333,
    "f1-score": 0.3255813953488372,
    "support": 42,
    "confused_with": {
      "cpplus_what_asking": 6,
      "compliment": 4
    }
  },
  "greet": {
    "precision": 0.7083333333333334,
    "recall": 0.5666666666666667,
    "f1-score": 0.6296296296296297,
    "support": 30,
    "confused_with": {
      "out_of_scope": 4,
      "insult": 3
    }
  },
  "health_inquire": {
    "precision": 0.8245614035087719,
    "recall": 0.9038461538461539,
    "f1-score": 0.8623853211009175,
    "support": 52,
    "confused_with": {
      "out_of_scope": 1,
      "attention": 1
    }
  },
  "want_to_watch_cpp_tutorial": {
    "precision": 0.8157894736842105,
    "recall": 0.7560975609756098,
    "f1-score": 0.7848101265822786,
    "support": 41,
    "confused_with": {
      "cpplus_specific_video_tutorial_asking": 4,
      "insult": 2
    }
  },
  "cpplus_where_asking": {
    "precision": 0.75,
    "recall": 1.0,
    "f1-score": 0.8571428571428571,
    "support": 3,
    "confused_with": {}
  },
  "cpplus_when_asking": {
    "precision": 1.0,
    "recall": 0.75,
    "f1-score": 0.8571428571428571,
    "support": 4,
    "confused_with": {
      "cpplus_how_asking": 1
    }
  },
  "dont_want_to_give_flowchart_quest_num": {
    "precision": 0.8387096774193549,
    "recall": 0.896551724137931,
    "f1-score": 0.8666666666666666,
    "support": 29,
    "confused_with": {
      "cpplus_why_asking": 2,
      "feeling_bad": 1
    }
  },
  "cpplus_how_asking": {
    "precision": 0.9072164948453608,
    "recall": 0.9513513513513514,
    "f1-score": 0.928759894459103,
    "support": 185,
    "confused_with": {
      "cpplus_what_asking": 3,
      "out_of_scope": 2
    }
  },
  "want_to_practice_flowchart": {
    "precision": 0.8333333333333334,
    "recall": 0.8928571428571429,
    "f1-score": 0.8620689655172413,
    "support": 28,
    "confused_with": {
      "dont_want_to_give_flowchart_quest_num": 1,
      "cpplus_what_asking": 1
    }
  },
  "cpplus_example_asking": {
    "precision": 0.8852459016393442,
    "recall": 0.9642857142857143,
    "f1-score": 0.923076923076923,
    "support": 56,
    "confused_with": {
      "cpplus_how_asking": 1,
      "cpplus_what_asking": 1
    }
  },
  "who_create_you": {
    "precision": 0.8823529411764706,
    "recall": 0.7142857142857143,
    "f1-score": 0.7894736842105262,
    "support": 21,
    "confused_with": {
      "cpplus_how_asking": 2,
      "who_are_you": 2
    }
  },
  "accuracy": 0.7890879478827362,
  "macro avg": {
    "precision": 0.7274659921925284,
    "recall": 0.6748324847923777,