{
  "CPPLUS_CONTENT": {
    "precision": 0.0,
    "recall": 0.0,
    "f1-score": 0.0,
    "support": 2,
    "confused_with": {
      "cpplus_content": 2
    }
  },
  "flowchart_quest_num": {
    "precision": 0.868421052631579,
    "recall": 0.75,
    "f1-score": 0.8048780487804879,
    "support": 44,
    "confused_with": {
      "cpplus_content": 3
    }
  },
  "cpplus_content": {
    "precision": 0.8080301129234629,
    "recall": 0.734321550741163,
    "f1-score": 0.7694145758661887,
    "support": 877,
    "confused_with": {
      "flowchart_quest_num": 2
    }
  },
  "micro avg": {
    "precision": 0.8107784431137725,
    "recall": 0.733477789815818,
    "f1-score": 0.7701934015927189,
    "support": 923
  },
  "macro avg": {
    "precision": 0.5588170551850139,
    "recall": 0.4947738502470543,
    "f1-score": 0.5247642082155588,
    "support": 923
  },
  "weighted avg": {
    "precision": 0.8091581098046224,
    "recall": 0.733477789815818,
    "f1-score": 0.7694379384409414,
    "support": 923
  }
}