{
  "cpp_practice": {
    "precision": 0.8333333333333334,
    "recall": 0.9090909090909091,
    "f1-score": 0.8695652173913043,
    "support": 11,
    "confused_with": {
      "want_to_practice_flowchart": 1
    }
  },
  "want_to_practice_cpp": {
    "precision": 0.9310344827586207,
    "recall": 0.9642857142857143,
    "f1-score": 0.9473684210526316,
    "support": 28,
    "confused_with": {
      "dont_want_to_give_flowchart_quest_num": 1
    }
  },
  "cpplus_why_asking": {
    "precision": 0.9150943396226415,
    "recall": 0.9509803921568627,
    "f1-score": 0.9326923076923077,
    "support": 102,
    "confused_with": {
      "cpplus_how_asking": 3,
      "insult": 1
    }
  },
  "dont_want_to_ask": {
    "precision": 0.625,
    "recall": 0.7142857142857143,
    "f1-score": 0.6666666666666666,
    "support": 7,
    "confused_with": {
      "feeling_bad": 1,
      "want_to_ask": 1
    }
  },
  "corona": {
    "precision": 0.9285714285714286,
    "recall": 0.8666666666666667,
    "f1-score": 0.896551724137931,
    "support": 15,
    "confused_with": {
      "cpplus_what_asking": 1,
      "compliment": 1
    }
  },
  "who_are_you": {
    "precision": 0.7857142857142857,
    "recall": 0.9361702127659575,
    "f1-score": 0.854368932038835,
    "support": 47,
    "confused_with": {
      "cpplus_how_asking": 1,
      "cpplus_what_asking": 1
    }
  },
  "insult": {
    "precision": 0.7543859649122807,
    "recall": 0.9347826086956522,
    "f1-score": 0.8349514563106796,
    "support": 46,
    "confused_with": {
      "out_of_scope": 1,
      "want_to_practice_cpp": 1
    }
  },
  "goodbye": {
    "precision": 0.3333333333333333,
    "recall": 0.14285714285714285,
    "f1-score": 0.2,
    "support": 7,
    "confused_with": {
      "insult": 2,
      "who_are_you": 2
    }
  },
  "deny": {
    "precision": 0.9,
    "recall": 0.675,
    "f1-score": 0.7714285714285714,
    "support": 40,
    "confused_with": {
      "insult": 2,
      "attention": 2
    }
  },
  "feeling_good": {
    "precision": 0.8235294117647058,
    "recall": 0.6666666666666666,
    "f1-score": 0.7368421052631577,
    "support": 21,
    "confused_with": {
      "compliment": 2,
      "out_of_scope": 1
    }
  },
  "feeling_bad": {
    "precision": 0.5625,
    "recall": 0.75,
    "f1-score": 0.6428571428571429,
    "support": 12,
    "confused_with": {
      "cpplus_how_asking": 2,
      "attention": 1
    }
  },
  "cpplus_what_asking": {
    "precision": 0.9021739130434783,
    "recall": 0.8601036269430051,
    "f1-score": 0.8806366047745358,
    "support": 193,
    "confused_with": {
      "cpplus_how_asking": 7,
      "out_of_scope": 7
    }
  },
  "stop_asking": {
    "precision": 0.8571428571428571,
    "recall": 0.7272727272727273,
    "f1-score": 0.7868852459016394,
    "support": 33,
    "confused_with": {
      "greet": 3,
      "dont_want_to_give_flowchart_quest_num": 2
    }
  },
  "date": {
    "precision": 1.0,
    "recall": 0.3333333333333333,
    "f1-score": 0.5,
    "support": 3,
    "confused_with": {
      "who_are_you": 1,
      "insult": 1
    }
  },
  "compliment": {
    "precision": 0.5714285714285714,
    "recall": 0.38095238095238093,
    "f1-score": 0.4571428571428571,
    "support": 21,
    "confused_with": {
      "feeling_bad": 3,
      "out_of_scope": 2
    }
  },
  "affirm": {
    "precision": 0.6666666666666666,
    "recall": 0.18181818181818182,
    "f1-score": 0.28571428571428575,
    "support": 11,
    "confused_with": {
      "greet": 3,
      "continue_asking": 2
    }
  },
  "thanks": {
    "precision": 0.8125,
    "recall": 0.9285714285714286,
    "f1-score": 0.8666666666666666,
    "support": 14,
    "confused_with": {
      "health_inquire": 1
    }
  },
  "flowchart_asking": {
    "precision": 0.9696969696969697,
    "recall": 0.9696969696969697,
    "f1-score": 0.9696969696969697,
    "support": 33,
    "confused_with": {
      "dont_want_to_give_flowchart_quest_num": 1
    }
  },
  "dont_want_to_give_cpp_content": {
    "precision": 0.5,
    "recall": 0.5,
    "f1-score": 0.5,
    "support": 2,
    "confused_with": {
      "dont_want_to_give_flowchart_quest_num": 1
    }
  },
  "want_to_ask": {
    "precision": 0.8620689655172413,
    "recall": 0.8928571428571429,
    "f1-score": 0.8771929824561403,
    "support": 28,
    "confused_with": {
      "continue_asking": 2,
      "stop_asking": 1
    }
  },
  "continue_asking": {
    "precision": 0.6,
    "recall": 0.46153846153846156,
    "f1-score": 0.5217391304347826,
    "support": 13,
    "confused_with": {
      "who_are_you": 2,
      "want_to_ask": 2
    }
  },
  "time": {
    "precision": 0.6666666666666666,
    "recall": 1.0,
    "f1-score": 0.8,
    "support": 4,
    "confused_with": {}
  },
  "attention": {
    "precision": 0.5333333333333333,
    "recall": 0.6153846153846154,
    "f1-score": 0.5714285714285715,
    "support": 13,
    "confused_with": {
      "greet": 3,
      "health_inquire": 1
    }
  },
  "cpplus_specific_video_tutorial_asking": {
    "precision": 0.9285714285714286,
    "recall": 0.7878787878787878,
    "f1-score": 0.8524590163934426,
    "support": 33,
    "confused_with": {
      "want_to_watch_cpp_tutorial": 3,
      "out_of_scope": 1
    }
  },
  "out_of_scope": {
    "precision": 0.5,
    "recall": 0.42857142857142855,
    "f1-score": 0.4615384615384615,
    "support": 42,
    "confused_with": {
      "cpplus_what_asking": 7,
      "greet": 6
    }
  },
  "greet": {
    "precision": 0.5348837209302325,
    "recall": 0.7666666666666667,
    "f1-score": 0.6301369863013698,
    "support": 30,
    "confused_with": {
      "insult": 3,
      "attention": 3
    }
  },
  "health_inquire": {
    "precision": 0.8928571428571429,
    "recall": 0.9615384615384616,
    "f1-score": 0.9259259259259259,
    "support": 52,
    "confused_with": {
      "feeling_good": 1,
      "cpplus_why_asking": 1
    }
  },
  "want_to_watch_cpp_tutorial": {
    "precision": 0.9285714285714286,
    "recall": 0.9512195121951219,
    "f1-score": 0.9397590361445782,
    "support": 41,
    "confused_with": {
      "cpplus_specific_video_tutorial_asking": 1,
      "flowchart_asking": 1
    }
  },
  "cpplus_where_asking": {
    "precision": 1.0,
    "recall": 0.6666666666666666,
    "f1-score": 0.8,
    "support": 3,
    "confused_with": {
      "cpplus_how_asking": 1
    }
  },
  "cpplus_when_asking": {
    "precision": 1.0,
    "recall": 0.75,
    "f1-score": 0.8571428571428571,
    "support": 4,
    "confused_with": {
      "out_of_scope": 1
    }
  },
  "dont_want_to_give_flowchart_quest_num": {
    "precision": 0.8181818181818182,
    "recall": 0.9310344827586207,
    "f1-score": 0.8709677419354839,
    "support": 29,
    "confused_with": {
      "cpplus_why_asking": 1,
      "dont_want_to_give_cpp_content": 1
    }
  },
  "cpplus_how_asking": {
    "precision": 0.8934010152284264,
    "recall": 0.9513513513513514,
    "f1-score": 0.9214659685863875,
    "support": 185,
    "confused_with": {
      "out_of_scope": 2,
      "cpplus_why_asking": 2
    }
  },
  "want_to_practice_flowchart": {
    "precision": 0.84375,
    "recall": 0.9642857142857143,
    "f1-score": 0.8999999999999999,
    "support": 28,
    "confused_with": {
      "cpp_practice": 1
    }
  },
  "cpplus_example_asking": {
    "precision": 1.0,
    "recall": 0.9285714285714286,
    "f1-score": 0.962962962962963,
    "support": 56,
    "confused_with": {
      "cpplus_what_asking": 3,
      "cpplus_specific_video_tutorial_asking": 1
    }
  },
  "who_create_you": {
    "precision": 0.9333333333333333,
    "recall": 0.6666666666666666,
    "f1-score": 0.7777777777777778,
    "support": 21,
    "confused_with": {
      "who_are_you": 3,
      "time": 1
    }
  },
  "accuracy": 0.8444625407166124,
  "macro avg": {
    "precision": 0.7887921260337207,
    "recall": 0.7461933160854415,
    "f1-score": 0.7505866455361407,
    "support": 1228
  },
  "weighted avg": {
    "precision": 0.8460577982370804,