{
  "cpplus_content": {
    "precision": 0.0,
    "recall": 0.0,
    "f1-score": 0.0,
    "support": 1490,
    "confused_with": {}
  },
  "flowchart_quest_num": {
    "precision": 0.4,
    "recall": 0.08,
    "f1-score": 0.13333333333333333,
    "support": 50,
    "confused_with": {}
  },
  "micro avg": {
    "precision": 0.4,
    "recall": 0.0025974025974025974,
    "f1-score": 0.005161290322580645,
    "support": 1540
  },
  "macro avg": {
    "precision": 0.2,
    "recall": 0.04,
    "f1-score": 0.06666666666666667,
    "support": 1540
  },
  "weighted avg": {
    "precision": 0.012987012987012988,
    "recall": 0.0025974025974025974,
    "f1-score": 0.004329004329004329,
    "support": 1540
  }
}