{
  "flowchart_quest_num": {
    "precision": 1.0,
    "recall": 0.98,
    "f1-score": 0.98989898989899,
    "support": 50,
    "confused_with": {}
  },
  "cpplus_content": {
    "precision": 0.9753255654557916,
    "recall": 0.9627875507442489,
    "f1-score": 0.9690160027238678,
    "support": 1478,
    "confused_with": {}
  },
  "micro avg": {
    "precision": 0.9761273209549072,
    "recall": 0.9633507853403142,
    "f1-score": 0.9696969696969697,
    "support": 1528
  },
  "macro avg": {
    "precision": 0.9876627827278959,
    "recall": 0.9713937753721245,
    "f1-score": 0.9794574963114289,
    "support": 1528
  },
  "weighted avg": {
    "precision": 0.9761329749631282,
    "recall": 0.9633507853403142,
    "f1-score": 0.9696993465450432,
    "support": 1528
  }
}