{
  "flowchart_quest_num": {
    "precision": 0.4,
    "recall": 0.08,
    "f1-score": 0.13333333333333333,
    "support": 50,
    "confused_with": {}
  },
  "cpplus_content": {
    "precision": 0.0,
    "recall": 0.0,
    "f1-score": 0.0,
    "support": 1478,
    "confused_with": {}
  },
  "micro avg": {
    "precision": 0.4,
    "recall": 0.002617801047120419,
    "f1-score": 0.005201560468140443,
    "support": 1528
  },
  "macro avg": {
    "precision": 0.2,
    "recall": 0.04,
    "f1-score": 0.06666666666666667,
    "support": 1528
  },
  "weighted avg": {
    "precision": 0.013089005235602094,
    "recall": 0.002617801047120419,
    "f1-score": 0.004363001745200698,
    "support": 1528
  }
}