{
  "config_backup_5": [
    [
      0.8535106078575526,
      0.0,
      0.7943277998047599,
      0.6951894762332754
    ],
    [
      0.8580584377168334,
      0.8355873363068906,
      0.7847998394598358,
      0.6882555971211219
    ],
    [
      0.858786985949653,
      0.8268415400738098,
      0.7887632783287656,
      0.6939469860512198
    ]
  ],
  "config_backup_1": [
    [
      0.0,
      0.0,
      0.0,
      0.0
    ],
    [
      0.0,
      0.0,
      0.0,
      0.0
    ],
    [
      0.0,
      0.0,
      0.0,
      0.0
    ]
  ],
  "config_backup_2": [
    [
      0.8311677853496794,
      0.8260682127543246,
      0.7876136228439164,
      0.6946204936684016
    ],
    [
      0.8309565577907349,
      0.8091767575768254,
      0.7460518942793856,
      0.6774882860490021
    ],
    [
      0.838724635775643,
      0.812294445826448,
      0.7693539775018342,
      0.6901241294709715
    ]
  ],
  "config_backup_3": [
    [
      0.8457498118477796,
      0.8256654113469044,
      0.7780056479366617,
      0.6811672516714595
    ],
    [
      0.8475892868651211,
      0.8207013616519447,
      0.7672896583646479,
      0.682700549326957
    ],
    [
      0.8415247693262807,
      0.8283288528747602,
      0.7805926054389617,
      0.6845784342738342
    ]
  ]
}