{
  "CPPLUS_CONTENT": {
    "precision": 1.0,
    "recall": 1.0,
    "f1-score": 1.0,
    "support": 1,
    "confused_with": {}
  },
  "flowchart_quest_num": {
    "precision": 0.8260869565217391,
    "recall": 0.8837209302325582,
    "f1-score": 0.853932584269663,
    "support": 43,
    "confused_with": {
      "cpplus_content": 1
    }
  },
  "cpplus_content": {
    "precision": 0.8912768647281921,
    "recall": 0.7713347921225383,
    "f1-score": 0.8269794721407625,
    "support": 914,
    "confused_with": {
      "flowchart_quest_num": 3
    }
  },
  "micro avg": {
    "precision": 0.8878281622911695,
    "recall": 0.7766179540709812,
    "f1-score": 0.8285077951002227,
    "support": 958
  },
  "macro avg": {
    "precision": 0.9057879404166438,
    "recall": 0.8850185741183655,
    "f1-score": 0.8936373521368085,
    "support": 958
  },
  "weighted avg": {
    "precision": 0.8884642938329879,
    "recall": 0.7766179540709812,
    "f1-score": 0.8283698733405557,
    "support": 958
  }
}