{
  "flowchart_quest_num": {
    "precision": 1.0,
    "recall": 1.0,
    "f1-score": 1.0,
    "support": 86,
    "confused_with": {}
  },
  "cpplus_content": {
    "precision": 0.9966044142614601,
    "recall": 0.9694467382328654,
    "f1-score": 0.9828380075345333,
    "support": 2422,
    "confused_with": {}
  },
  "CPPLUS_CONTENT": {
    "precision": 1.0,
    "recall": 1.0,
    "f1-score": 1.0,
    "support": 4,
    "confused_with": {}
  },
  "micro avg": {
    "precision": 0.9967293540474244,
    "recall": 0.9705414012738853,
    "f1-score": 0.9834610730133119,
    "support": 2512
  },
  "macro avg": {
    "precision": 0.9988681380871535,
    "recall": 0.9898155794109552,
    "f1-score": 0.9942793358448444,
    "support": 2512
  },
  "weighted avg": {
    "precision": 0.9967260713938122,
    "recall": 0.9705414012738853,
    "f1-score": 0.9834528878378344,
    "support": 2512
  }
}