{
  "CPPLUS_CONTENT": {
    "precision": 0.0,
    "recall": 0.0,
    "f1-score": 0.0,
    "support": 1,
    "confused_with": {
      "cpplus_content": 1
    }
  },
  "flowchart_quest_num": {
    "precision": 1.0,
    "recall": 0.9767441860465116,
    "f1-score": 0.988235294117647,
    "support": 43,
    "confused_with": {}
  },
  "cpplus_content": {
    "precision": 0.9550173010380623,
    "recall": 0.9059080962800875,
    "f1-score": 0.9298147108366086,
    "support": 914,
    "confused_with": {}
  },
  "micro avg": {
    "precision": 0.9570957095709571,
    "recall": 0.9081419624217119,
    "f1-score": 0.9319764327798606,
    "support": 958
  },
  "macro avg": {
    "precision": 0.6516724336793541,
    "recall": 0.6275507607755331,
    "f1-score": 0.6393500016514185,
    "support": 958
  },
  "weighted avg": {
    "precision": 0.9560394709277545,
    "recall": 0.9081419624217119,
    "f1-score": 0.9314663500539865,
    "support": 958
  }
}