{
  "CPPLUS_CONTENT": {
    "precision": 1.0,
    "recall": 0.5,
    "f1-score": 0.6666666666666666,
    "support": 2,
    "confused_with": {
      "cpplus_content": 1
    }
  },
  "flowchart_quest_num": {
    "precision": 0.9361702127659575,
    "recall": 1.0,
    "f1-score": 0.967032967032967,
    "support": 44,
    "confused_with": {}
  },
  "cpplus_content": {
    "precision": 0.9443742098609356,
    "recall": 0.8517673888255416,
    "f1-score": 0.89568345323741,
    "support": 877,
    "confused_with": {}
  },
  "micro avg": {
    "precision": 0.9439809296781884,
    "recall": 0.8580715059588299,
    "f1-score": 0.8989784335981839,
    "support": 923
  },
  "macro avg": {
    "precision": 0.9601814742089644,
    "recall": 0.7839224629418472,
    "f1-score": 0.8431276956456811,
    "support": 923
  },
  "weighted avg": {
    "precision": 0.9441036526649432,
    "recall": 0.8580715059588299,
    "f1-score": 0.8985884857768066,
    "support": 923
  }
}