{
  "cpplus_why_asking": {
    "precision": 0.968421052631579,
    "recall": 0.9019607843137255,
    "f1-score": 0.934010152284264,
    "support": 102,
    "confused_with": {
      "dont_want_to_give_flowchart_quest_num": 2,
      "want_to_watch_cpp_tutorial": 2
    }
  },
  "stop_asking": {
    "precision": 0.7878787878787878,
    "recall": 0.8387096774193549,
    "f1-score": 0.8125,
    "support": 31,
    "confused_with": {
      "insult": 1,
      "want_to_ask": 1
    }
  },
  "goodbye": {
    "precision": 0.2222222222222222,
    "recall": 0.2857142857142857,
    "f1-score": 0.25,
    "support": 7,
    "confused_with": {
      "greet": 3,
      "insult": 1
    }
  },
  "want_to_practice_flowchart": {
    "precision": 1.0,
    "recall": 0.7142857142857143,
    "f1-score": 0.8333333333333333,
    "support": 28,
    "confused_with": {
      "out_of_scope": 2,
      "flowchart_asking": 2
    }
  },
  "dont_want_to_give_cpp_content": {
    "precision": 1.0,
    "recall": 1.0,
    "f1-score": 1.0,
    "support": 2,
    "confused_with": {}
  },
  "who_are_you": {
    "precision": 0.813953488372093,
    "recall": 0.7608695652173914,
    "f1-score": 0.7865168539325844,
    "support": 46,
    "confused_with": {
      "cpplus_what_asking": 7,
      "who_create_you": 2
    }
  },
  "dont_want_to_ask": {
    "precision": 0.625,
    "recall": 0.7142857142857143,
    "f1-score": 0.6666666666666666,
    "support": 7,
    "confused_with": {
      "want_to_ask": 1,
      "stop_asking": 1
    }
  },
  "want_to_practice_cpp": {
    "precision": 0.96,
    "recall": 0.8571428571428571,
    "f1-score": 0.9056603773584904,
    "support": 28,
    "confused_with": {
      "want_to_watch_cpp_tutorial": 2,
      "flowchart_asking": 1
    }
  },
  "insult": {
    "precision": 0.6862745098039216,
    "recall": 0.7777777777777778,
    "f1-score": 0.7291666666666667,
    "support": 45,
    "confused_with": {
      "cpplus_what_asking": 3,
      "compliment": 2
    }
  },
  "out_of_scope": {
    "precision": 0.27586206896551724,
    "recall": 0.23529411764705882,
    "f1-score": 0.253968253968254,
    "support": 34,
    "confused_with": {
      "cpplus_what_asking": 10,
      "cpplus_how_asking": 4
    }
  },
  "compliment": {
    "precision": 0.5294117647058824,
    "recall": 0.45,
    "f1-score": 0.48648648648648646,
    "support": 20,
    "confused_with": {
      "cpplus_what_asking": 3,
      "out_of_scope": 2
    }
  },
  "time": {
    "precision": 0.0,
    "recall": 0.0,
    "f1-score": 0.0,
    "support": 4,
    "confused_with": {
      "out_of_scope": 3,
      "who_are_you": 1
    }
  },
  "who_create_you": {
    "precision": 0.6842105263157895,
    "recall": 0.65,
    "f1-score": 0.6666666666666667,
    "support": 20,
    "confused_with": {
      "who_are_you": 4,
      "cpplus_what_asking": 3
    }
  },
  "cpp_practice": {
    "precision": 0.7333333333333333,
    "recall": 0.9166666666666666,
    "f1-score": 0.8148148148148148,
    "support": 12,
    "confused_with": {
      "flowchart_asking": 1
    }
  },
  "feeling_good": {
    "precision": 0.7647058823529411,
    "recall": 0.6190476190476191,
    "f1-score": 0.6842105263157895,
    "support": 21,
    "confused_with": {
      "health_inquire": 2,
      "insult": 1
    }
  },
  "cpplus_where_asking": {
    "precision": 0.75,
    "recall": 1.0,
    "f1-score": 0.8571428571428571,
    "support": 3,
    "confused_with": {}
  },
  "attention": {
    "precision": 0.42857142857142855,
    "recall": 0.46153846153846156,
    "f1-score": 0.4444444444444445,
    "support": 13,
    "confused_with": {
      "greet": 3,
      "compliment": 1
    }
  },
  "cpplus_when_asking": {
    "precision": 1.0,
    "recall": 0.25,
    "f1-score": 0.4,
    "support": 4,
    "confused_with": {
      "cpplus_how_asking": 1,
      "cpplus_what_asking": 1
    }
  },
  "feeling_bad": {
    "precision": 0.42857142857142855,
    "recall": 0.3,
    "f1-score": 0.3529411764705882,
    "support": 10,
    "confused_with": {
      "out_of_scope": 1,
      "attention": 1
    }
  },
  "greet": {
    "precision": 0.75,
    "recall": 0.8,
    "f1-score": 0.7741935483870969,
    "support": 30,
    "confused_with": {
      "attention": 3,
      "out_of_scope": 1
    }
  },
  "cpplus_example_asking": {
    "precision": 0.9615384615384616,
    "recall": 0.9090909090909091,
    "f1-score": 0.9345794392523366,
    "support": 55,
    "confused_with": {
      "cpplus_what_asking": 3,
      "cpplus_how_asking": 2
    }
  },
  "want_to_watch_cpp_tutorial": {
    "precision": 0.7727272727272727,
    "recall": 0.85,
    "f1-score": 0.8095238095238095,
    "support": 40,
    "confused_with": {
      "cpplus_specific_video_tutorial_asking": 4,
      "cpplus_how_asking": 1
    }
  },
  "cpplus_what_asking": {
    "precision": 0.7897196261682243,
    "recall": 0.8802083333333334,
    "f1-score": 0.8325123152709359,
    "support": 192,
    "confused_with": {
      "cpplus_how_asking": 5,
      "cpplus_specific_video_tutorial_asking": 2
    }
  },
  "dont_want_to_give_flowchart_quest_num": {
    "precision": 0.8214285714285714,
    "recall": 0.7931034482758621,
    "f1-score": 0.8070175438596492,
    "support": 29,
    "confused_with": {
      "flowchart_asking": 1,
      "cpplus_how_asking": 1
    }
  },
  "health_inquire": {
    "precision": 0.9019607843137255,
    "recall": 0.8846153846153846,
    "f1-score": 0.8932038834951457,
    "support": 52,
    "confused_with": {
      "cpplus_what_asking": 2,
      "cpplus_example_asking": 1
    }
  },
  "flowchart_asking": {
    "precision": 0.8378378378378378,
    "recall": 0.9393939393939394,
    "f1-score": 0.8857142857142858,
    "support": 33,
    "confused_with": {
      "dont_want_to_give_flowchart_quest_num": 1,
      "cpplus_how_asking": 1
    }
  },
  "date": {
    "precision": 0.0,
    "recall": 0.0,
    "f1-score": 0.0,
    "support": 3,
    "confused_with": {
      "out_of_scope": 1,
      "want_to_ask": 1,
      "cpplus_what_asking": 1
    }
  },
  "thanks": {
    "precision": 0.8461538461538461,
    "recall": 0.7857142857142857,
    "f1-score": 0.8148148148148148,
    "support": 14,
    "confused_with": {
      "cpplus_how_asking": 2,
      "who_create_you": 1
    }
  },
  "cpplus_how_asking": {
    "precision": 0.8693181818181818,
    "recall": 0.9272727272727272,
    "f1-score": 0.8973607038123168,
    "support": 165,
    "confused_with": {
      "cpplus_what_asking": 5,
      "out_of_scope": 2
    }
  },
  "continue_asking": {
    "precision": 0.6666666666666666,
    "recall": 0.6666666666666666,
    "f1-score": 0.6666666666666666,
    "support": 12,
    "confused_with": {
      "affirm": 1,
      "attention": 1
    }
  },
  "cpplus_specific_video_tutorial_asking": {
    "precision": 0.7647058823529411,
    "recall": 0.8125,
    "f1-score": 0.787878787878788,
    "support": 32,
    "confused_with": {
      "want_to_watch_cpp_tutorial": 6
    }
  },
  "want_to_ask": {
    "precision": 0.8,
    "recall": 0.8571428571428571,
    "f1-score": 0.8275862068965518,
    "support": 28,
    "confused_with": {
      "out_of_scope": 2,
      "attention": 1
    }
  },
  "deny": {
    "precision": 0.8888888888888888,
    "recall": 0.8205128205128205,
    "f1-score": 0.8533333333333333,
    "support": 39,
    "confused_with": {
      "out_of_scope": 3,
      "cpplus_what_asking": 2
    }
  },
  "affirm": {
    "precision": 0.4,
    "recall": 0.2,
    "f1-score": 0.26666666666666666,
    "support": 10,
    "confused_with": {
      "continue_asking": 3,
      "thanks": 1
    }
  },
  "corona": {
    "precision": 1.0,
    "recall": 0.8666666666666667,
    "f1-score": 0.9285714285714286,
    "support": 15,
    "confused_with": {
      "insult": 1,
      "attention": 1
    }
  },
  "accuracy": 0.8043844856661045,
  "macro avg": {
    "precision": 0.706553214674844,
    "recall": 0.6778908937069166,
    "f1-score": 0.681661506019878,
    "support": 1186
  },
  "weighted avg": {
    "precision": 0.8002263934037422,