{
  "CPPLUS_CONTENT": {
    "precision": 0.0,
    "recall": 0.0,
    "f1-score": 0.0,
    "support": 4,
    "confused_with": {}
  },
  "cpplus_content": {
    "precision": 0.0,
    "recall": 0.0,
    "f1-score": 0.0,
    "support": 2803,
    "confused_with": {}
  },
  "flowchart_quest_num": {
    "precision": 0.5833333333333334,
    "recall": 0.06862745098039216,
    "f1-score": 0.12280701754385966,
    "support": 102,
    "confused_with": {}
  },
  "micro avg": {
    "precision": 0.5833333333333334,
    "recall": 0.0024063251976624267,
    "f1-score": 0.004792879150975694,
    "support": 2909
  },
  "macro avg": {
    "precision": 0.19444444444444445,
    "recall": 0.022875816993464054,
    "f1-score": 0.04093567251461989,
    "support": 2909
  },
  "weighted avg": {
    "precision": 0.020453764180130632,
    "recall": 0.002406325197662427,
    "f1-score": 0.004306055616869606,
    "support": 2909
  }
}