{
  "flowchart_quest_num": {
    "precision": 0.4,
    "recall": 0.08,
    "f1-score": 0.13333333333333333,
    "support": 50,
    "confused_with": {}
  },
  "cpplus_content": {
    "precision": 0.0,
    "recall": 0.0,
    "f1-score": 0.0,
    "support": 1486,
    "confused_with": {}
  },
  "micro avg": {
    "precision": 0.4,
    "recall": 0.0026041666666666665,
    "f1-score": 0.005174644243208279,
    "support": 1536
  },
  "macro avg": {
    "precision": 0.2,
    "recall": 0.04,
    "f1-score": 0.06666666666666667,
    "support": 1536
  },
  "weighted avg": {
    "precision": 0.013020833333333334,
    "recall": 0.0026041666666666665,
    "f1-score": 0.004340277777777778,
    "support": 1536
  }
}