{
  "flowchart_quest_num": {
    "precision": 0.9555555555555556,
    "recall": 0.8431372549019608,
    "f1-score": 0.8958333333333333,
    "support": 51,
    "confused_with": {}
  },
  "cpplus_content": {
    "precision": 0.9620111731843576,
    "recall": 0.9208556149732621,
    "f1-score": 0.9409836065573772,
    "support": 935,
    "confused_with": {}
  },
  "CPPLUS_CONTENT": {
    "precision": 1.0,
    "recall": 0.5,
    "f1-score": 0.6666666666666666,
    "support": 2,
    "confused_with": {
      "cpplus_content": 1
    }
  },
  "micro avg": {
    "precision": 0.9617428267800212,
    "recall": 0.9159919028340081,
    "f1-score": 0.9383100051840331,
    "support": 988
  },
  "macro avg": {
    "precision": 0.9725222429133044,
    "recall": 0.7546642899584076,
    "f1-score": 0.8344945355191257,
    "support": 988
  },
  "weighted avg": {
    "precision": 0.9617548383205544,
    "recall": 0.9159919028340081,
    "f1-score": 0.9380976775956287,
    "support": 988
  }
}