{
  "cpplus_why_asking": {
    "precision": 0.9895833333333334,
    "recall": 0.9313725490196079,
    "f1-score": 0.9595959595959597,
    "support": 102,
    "confused_with": {
      "dont_want_to_give_flowchart_quest_num": 2,
      "cpplus_what_asking": 2
    }
  },
  "stop_asking": {
    "precision": 0.9565217391304348,
    "recall": 0.7096774193548387,
    "f1-score": 0.8148148148148149,
    "support": 31,
    "confused_with": {
      "want_to_ask": 2,
      "out_of_scope": 2
    }
  },
  "goodbye": {
    "precision": 0.5,
    "recall": 0.5714285714285714,
    "f1-score": 0.5333333333333333,
    "support": 7,
    "confused_with": {
      "insult": 1,
      "continue_asking": 1
    }
  },
  "want_to_practice_flowchart": {
    "precision": 1.0,
    "recall": 0.9642857142857143,
    "f1-score": 0.9818181818181818,
    "support": 28,
    "confused_with": {
      "out_of_scope": 1
    }
  },
  "dont_want_to_give_cpp_content": {
    "precision": 1.0,
    "recall": 0.5,
    "f1-score": 0.6666666666666666,
    "support": 2,
    "confused_with": {
      "who_are_you": 1
    }
  },
  "who_are_you": {
    "precision": 0.7857142857142857,
    "recall": 0.9565217391304348,
    "f1-score": 0.8627450980392156,
    "support": 46,
    "confused_with": {
      "attention": 1,
      "out_of_scope": 1
    }
  },
  "dont_want_to_ask": {
    "precision": 0.75,
    "recall": 0.8571428571428571,
    "f1-score": 0.7999999999999999,
    "support": 7,
    "confused_with": {
      "want_to_ask": 1
    }
  },
  "want_to_practice_cpp": {
    "precision": 0.9310344827586207,
    "recall": 0.9642857142857143,
    "f1-score": 0.9473684210526316,
    "support": 28,
    "confused_with": {
      "want_to_watch_cpp_tutorial": 1
    }
  },
  "insult": {
    "precision": 0.7547169811320755,
    "recall": 0.8888888888888888,
    "f1-score": 0.8163265306122449,
    "support": 45,
    "confused_with": {
      "compliment": 2,
      "cpplus_what_asking": 2
    }
  },
  "out_of_scope": {
    "precision": 0.5555555555555556,
    "recall": 0.4411764705882353,
    "f1-score": 0.49180327868852464,
    "support": 34,
    "confused_with": {
      "cpplus_what_asking": 9,
      "insult": 2
    }
  },
  "compliment": {
    "precision": 0.7894736842105263,
    "recall": 0.75,
    "f1-score": 0.7692307692307692,
    "support": 20,
    "confused_with": {
      "affirm": 1,
      "health_inquire": 1
    }
  },
  "time": {
    "precision": 1.0,
    "recall": 0.75,
    "f1-score": 0.8571428571428571,
    "support": 4,
    "confused_with": {
      "out_of_scope": 1
    }
  },
  "who_create_you": {
    "precision": 1.0,
    "recall": 0.6,
    "f1-score": 0.7499999999999999,
    "support": 20,
    "confused_with": {
      "who_are_you": 5,
      "cpplus_what_asking": 3
    }
  },
  "cpp_practice": {
    "precision": 1.0,
    "recall": 1.0,
    "f1-score": 1.0,
    "support": 12,
    "confused_with": {}
  },
  "feeling_good": {
    "precision": 0.9285714285714286,
    "recall": 0.6190476190476191,
    "f1-score": 0.742857142857143,
    "support": 21,
    "confused_with": {
      "feeling_bad": 2,
      "thanks": 2
    }
  },
  "cpplus_where_asking": {
    "precision": 1.0,
    "recall": 1.0,
    "f1-score": 1.0,
    "support": 3,
    "confused_with": {}
  },
  "attention": {
    "precision": 0.5,
    "recall": 0.46153846153846156,
    "f1-score": 0.48000000000000004,
    "support": 13,
    "confused_with": {
      "greet": 4,
      "out_of_scope": 1
    }
  },
  "cpplus_when_asking": {
    "precision": 1.0,
    "recall": 0.5,
    "f1-score": 0.6666666666666666,
    "support": 4,
    "confused_with": {
      "who_are_you": 1,
      "cpplus_what_asking": 1
    }
  },
  "feeling_bad": {
    "precision": 0.7,
    "recall": 0.7,
    "f1-score": 0.7,
    "support": 10,
    "confused_with": {
      "compliment": 1,
      "stop_asking": 1
    }
  },
  "greet": {
    "precision": 0.7931034482758621,
    "recall": 0.7666666666666667,
    "f1-score": 0.7796610169491527,
    "support": 30,
    "confused_with": {
      "insult": 3,
      "out_of_scope": 1
    }
  },
  "cpplus_example_asking": {
    "precision": 0.9807692307692307,
    "recall": 0.9272727272727272,
    "f1-score": 0.9532710280373831,
    "support": 55,
    "confused_with": {
      "cpplus_what_asking": 4
    }
  },
  "want_to_watch_cpp_tutorial": {
    "precision": 0.8043478260869565,
    "recall": 0.925,
    "f1-score": 0.8604651162790697,
    "support": 40,
    "confused_with": {
      "want_to_practice_cpp": 2,
      "cpplus_specific_video_tutorial_asking": 1
    }
  },
  "cpplus_what_asking": {
    "precision": 0.8378378378378378,
    "recall": 0.96875,
    "f1-score": 0.8985507246376812,
    "support": 192,
    "confused_with": {
      "who_are_you": 2,
      "out_of_scope": 1
    }
  },
  "dont_want_to_give_flowchart_quest_num": {
    "precision": 0.9,
    "recall": 0.9310344827586207,
    "f1-score": 0.9152542372881356,
    "support": 29,
    "confused_with": {
      "deny": 2
    }
  },
  "health_inquire": {
    "precision": 0.9607843137254902,
    "recall": 0.9423076923076923,
    "f1-score": 0.9514563106796117,
    "support": 52,
    "confused_with": {
      "out_of_scope": 1,
      "cpplus_what_asking": 1
    }
  },
  "flowchart_asking": {
    "precision": 0.9393939393939394,
    "recall": 0.9393939393939394,
    "f1-score": 0.9393939393939394,
    "support": 33,
    "confused_with": {
      "dont_want_to_give_flowchart_quest_num": 1,
      "corona": 1
    }
  },
  "date": {
    "precision": 1.0,
    "recall": 0.6666666666666666,
    "f1-score": 0.8,
    "support": 3,
    "confused_with": {
      "out_of_scope": 1
    }
  },
  "thanks": {
    "precision": 0.7058823529411765,
    "recall": 0.8571428571428571,
    "f1-score": 0.7741935483870968,
    "support": 14,
    "confused_with": {
      "feeling_bad": 1,
      "cpplus_why_asking": 1
    }
  },
  "cpplus_how_asking": {
    "precision": 0.987012987012987,
    "recall": 0.9212121212121213,
    "f1-score": 0.9529780564263323,
    "support": 165,
    "confused_with": {
      "cpplus_what_asking": 11,
      "who_are_you": 1
    }
  },
  "continue_asking": {
    "precision": 0.5882352941176471,
    "recall": 0.8333333333333334,
    "f1-score": 0.6896551724137931,
    "support": 12,
    "confused_with": {
      "affirm": 1,
      "attention": 1
    }
  },
  "cpplus_specific_video_tutorial_asking": {
    "precision": 0.9655172413793104,
    "recall": 0.875,
    "f1-score": 0.9180327868852458,
    "support": 32,
    "confused_with": {
      "want_to_watch_cpp_tutorial": 4
    }
  },
  "want_to_ask": {
    "precision": 0.8620689655172413,
    "recall": 0.8928571428571429,
    "f1-score": 0.8771929824561403,
    "support": 28,
    "confused_with": {
      "out_of_scope": 1,
      "continue_asking": 1
    }
  },
  "deny": {
    "precision": 0.925,
    "recall": 0.9487179487179487,
    "f1-score": 0.9367088607594937,
    "support": 39,
    "confused_with": {
      "cpplus_what_asking": 1,
      "insult": 1
    }
  },
  "affirm": {
    "precision": 0.4,
    "recall": 0.2,
    "f1-score": 0.26666666666666666,
    "support": 10,
    "confused_with": {
      "continue_asking": 3,
      "feeling_good": 1
    }
  },
  "corona": {
    "precision": 0.9333333333333333,
    "recall": 0.9333333333333333,
    "f1-score": 0.9333333333333333,
    "support": 15,
    "confused_with": {
      "affirm": 1
    }
  },
  "accuracy": 0.8768971332209107,
  "macro avg": {
    "precision": 0.8492702360227792,
    "recall": 0.7912587118963998,
    "f1-score": 0.8082052428889167,
    "support": 1186
  },
  "weighted avg": {
    "precision": 0.8819012636983042,
    "recall": 0.8768971332209107,
    "f1-score": 0.8743296541978541,
    "support": 1186
  }
}