{
  "flowchart_quest_num": {
    "precision": 0.9743589743589743,
    "recall": 0.926829268292683,
    "f1-score": 0.9500000000000001,
    "support": 41,
    "confused_with": {}
  },
  "cpplus_content": {
    "precision": 0.9681818181818181,
    "recall": 0.9073482428115016,
    "f1-score": 0.9367784496976361,
    "support": 939,
    "confused_with": {}
  },
  "micro avg": {
    "precision": 0.9684439608269858,
    "recall": 0.9081632653061225,
    "f1-score": 0.9373354397051079,
    "support": 980
  },
  "macro avg": {
    "precision": 0.9712703962703962,
    "recall": 0.9170887555520923,
    "f1-score": 0.943389224848818,
    "support": 980
  },
  "weighted avg": {
    "precision": 0.9684402502259645,
    "recall": 0.9081632653061225,
    "f1-score": 0.9373315961898779,
    "support": 980
  }
}