{
  "cpp_practice": {
    "precision": 0.8333333333333334,
    "recall": 0.9090909090909091,
    "f1-score": 0.8695652173913043,
    "support": 11,
    "confused_with": {
      "flowchart_asking": 1
    }
  },
  "want_to_practice_cpp": {
    "precision": 0.96,
    "recall": 0.8571428571428571,
    "f1-score": 0.9056603773584904,
    "support": 28,
    "confused_with": {
      "cpplus_specific_video_tutorial_asking": 2,
      "want_to_practice_flowchart": 1
    }
  },
  "cpplus_why_asking": {
    "precision": 0.9428571428571428,
    "recall": 0.9705882352941176,
    "f1-score": 0.9565217391304348,
    "support": 102,
    "confused_with": {
      "dont_want_to_give_flowchart_quest_num": 2,
      "who_are_you": 1
    }
  },
  "dont_want_to_ask": {
    "precision": 1.0,
    "recall": 0.8571428571428571,
    "f1-score": 0.923076923076923,
    "support": 7,
    "confused_with": {
      "insult": 1
    }
  },
  "corona": {
    "precision": 1.0,
    "recall": 0.8,
    "f1-score": 0.888888888888889,
    "support": 15,
    "confused_with": {
      "out_of_scope": 1,
      "cpplus_how_asking": 1
    }
  },
  "who_are_you": {
    "precision": 0.7358490566037735,
    "recall": 0.8297872340425532,
    "f1-score": 0.78,
    "support": 47,
    "confused_with": {
      "cpplus_what_asking": 5,
      "deny": 1
    }
  },
  "insult": {
    "precision": 0.76,
    "recall": 0.8260869565217391,
    "f1-score": 0.7916666666666667,
    "support": 46,
    "confused_with": {
      "out_of_scope": 2,
      "greet": 2
    }
  },
  "goodbye": {
    "precision": 0.8,
    "recall": 0.5714285714285714,
    "f1-score": 0.6666666666666666,
    "support": 7,
    "confused_with": {
      "out_of_scope": 1,
      "compliment": 1
    }
  },
  "deny": {
    "precision": 0.7209302325581395,
    "recall": 0.775,
    "f1-score": 0.7469879518072289,
    "support": 40,
    "confused_with": {
      "out_of_scope": 2,
      "dont_want_to_give_flowchart_quest_num": 1
    }
  },
  "feeling_good": {
    "precision": 0.5172413793103449,
    "recall": 0.7142857142857143,
    "f1-score": 0.6000000000000001,
    "support": 21,
    "confused_with": {
      "compliment": 2,
      "thanks": 2
    }
  },
  "feeling_bad": {
    "precision": 0.8888888888888888,
    "recall": 0.6666666666666666,
    "f1-score": 0.761904761904762,
    "support": 12,
    "confused_with": {
      "out_of_scope": 2,
      "cpplus_what_asking": 1
    }
  },
  "cpplus_what_asking": {
    "precision": 0.8407960199004975,
    "recall": 0.8756476683937824,
    "f1-score": 0.8578680203045687,
    "support": 193,
    "confused_with": {
      "out_of_scope": 6,
      "cpplus_how_asking": 6
    }
  },
  "stop_asking": {
    "precision": 0.8484848484848485,
    "recall": 0.8484848484848485,
    "f1-score": 0.8484848484848486,
    "support": 33,
    "confused_with": {
      "greet": 1,
      "attention": 1
    }
  },
  "date": {
    "precision": 1.0,
    "recall": 0.6666666666666666,
    "f1-score": 0.8,
    "support": 3,
    "confused_with": {
      "want_to_ask": 1
    }
  },
  "compliment": {
    "precision": 0.5789473684210527,
    "recall": 0.5238095238095238,
    "f1-score": 0.5500000000000002,
    "support": 21,
    "confused_with": {
      "greet": 2,
      "deny": 2
    }
  },
  "affirm": {
    "precision": 0.5,
    "recall": 0.36363636363636365,
    "f1-score": 0.4210526315789474,
    "support": 11,
    "confused_with": {
      "attention": 2,
      "feeling_good": 2
    }
  },
  "thanks": {
    "precision": 0.7058823529411765,
    "recall": 0.8571428571428571,
    "f1-score": 0.7741935483870968,
    "support": 14,
    "confused_with": {
      "deny": 1,
      "feeling_good": 1
    }
  },
  "flowchart_asking": {
    "precision": 0.90625,
    "recall": 0.8787878787878788,
    "f1-score": 0.8923076923076922,
    "support": 33,
    "confused_with": {
      "want_to_practice_flowchart": 2,
      "out_of_scope": 1
    }
  },
  "dont_want_to_give_cpp_content": {
    "precision": 0.0,
    "recall": 0.0,
    "f1-score": 0.0,
    "support": 2,
    "confused_with": {
      "dont_want_to_give_flowchart_quest_num": 2
    }
  },
  "want_to_ask": {
    "precision": 0.8888888888888888,
    "recall": 0.8571428571428571,
    "f1-score": 0.8727272727272727,
    "support": 28,
    "confused_with": {
      "greet": 2,
      "out_of_scope": 1
    }
  },
  "continue_asking": {
    "precision": 0.5384615384615384,
    "recall": 0.5384615384615384,
    "f1-score": 0.5384615384615384,
    "support": 13,
    "confused_with": {
      "want_to_ask": 2,
      "greet": 1
    }
  },
  "time": {
    "precision": 0.0,
    "recall": 0.0,
    "f1-score": 0.0,
    "support": 4,
    "confused_with": {
      "out_of_scope": 1,
      "continue_asking": 1,
      "cpplus_what_asking": 1
    }
  },
  "attention": {
    "precision": 0.6,
    "recall": 0.46153846153846156,
    "f1-score": 0.5217391304347826,
    "support": 13,
    "confused_with": {
      "greet": 2,
      "insult": 2
    }
  },
  "cpplus_specific_video_tutorial_asking": {
    "precision": 0.7575757575757576,
    "recall": 0.7575757575757576,
    "f1-score": 0.7575757575757576,
    "support": 33,
    "confused_with": {
      "want_to_watch_cpp_tutorial": 4,
      "cpplus_what_asking": 3
    }
  },
  "out_of_scope": {
    "precision": 0.30303030303030304,
    "recall": 0.23809523809523808,
    "f1-score": 0.26666666666666666,
    "support": 42,
    "confused_with": {
      "cpplus_how_asking": 9,
      "cpplus_what_asking": 7
    }
  },
  "greet": {
    "precision": 0.6216216216216216,
    "recall": 0.7666666666666667,
    "f1-score": 0.6865671641791045,
    "support": 30,
    "confused_with": {
      "out_of_scope": 2,
      "cpplus_what_asking": 2
    }
  },
  "health_inquire": {
    "precision": 1.0,
    "recall": 0.8269230769230769,
    "f1-score": 0.9052631578947368,
    "support": 52,
    "confused_with": {
      "feeling_good": 4,
      "who_are_you": 1
    }
  },
  "want_to_watch_cpp_tutorial": {
    "precision": 0.8857142857142857,
    "recall": 0.7560975609756098,
    "f1-score": 0.8157894736842105,
    "support": 41,
    "confused_with": {
      "cpplus_specific_video_tutorial_asking": 3,
      "cpplus_what_asking": 2
    }
  },
  "cpplus_where_asking": {
    "precision": 1.0,
    "recall": 0.6666666666666666,
    "f1-score": 0.8,
    "support": 3,
    "confused_with": {
      "cpplus_how_asking": 1
    }
  },
  "cpplus_when_asking": {
    "precision": 1.0,
    "recall": 1.0,
    "f1-score": 1.0,
    "support": 4,
    "confused_with": {}
  },
  "dont_want_to_give_flowchart_quest_num": {
    "precision": 0.8214285714285714,
    "recall": 0.7931034482758621,
    "f1-score": 0.8070175438596492,
    "support": 29,
    "confused_with": {
      "cpplus_why_asking": 2,
      "who_create_you": 2
    }
  },
  "cpplus_how_asking": {
    "precision": 0.8888888888888888,
    "recall": 0.9513513513513514,
    "f1-score": 0.9190600522193211,
    "support": 185,
    "confused_with": {
      "cpplus_what_asking": 3,
      "insult": 2
    }
  },
  "want_to_practice_flowchart": {
    "precision": 0.8928571428571429,
    "recall": 0.8928571428571429,
    "f1-score": 0.8928571428571429,
    "support": 28,
    "confused_with": {
      "cpplus_specific_video_tutorial_asking": 3
    }
  },
  "cpplus_example_asking": {
    "precision": 0.9473684210526315,
    "recall": 0.9642857142857143,
    "f1-score": 0.9557522123893805,
    "support": 56,
    "confused_with": {
      "cpplus_what_asking": 2
    }
  },
  "who_create_you": {
    "precision": 0.8235294117647058,
    "recall": 0.6666666666666666,
    "f1-score": 0.7368421052631577,
    "support": 21,
    "confused_with": {
      "insult": 2,
      "who_are_you": 2
    }
  },
  "accuracy": 0.8208469055374593,
  "macro avg": {
    "precision": 0.7573950129881009,
    "recall": 0.712252227314872,
    "f1-score": 0.7288904329190641,
    "support": 1228
  },
  "weighted avg": {
    "precision": 0.8187628612156121,
    "recall": 0.8208469055374593,