{
  "flowchart_quest_num": {
    "precision": 0.95,
    "recall": 0.8636363636363636,
    "f1-score": 0.9047619047619048,
    "support": 44,
    "confused_with": {}
  },
  "cpplus_content": {
    "precision": 0.8683544303797468,
    "recall": 0.7647714604236343,
    "f1-score": 0.8132780082987552,
    "support": 897,
    "confused_with": {}
  },
  "CPPLUS_CONTENT": {
    "precision": 1.0,
    "recall": 0.25,
    "f1-score": 0.4,
    "support": 4,
    "confused_with": {
      "cpplus_content": 3
    }
  },
  "micro avg": {
    "precision": 0.8724428399518652,
    "recall": 0.7671957671957672,
    "f1-score": 0.8164414414414415,
    "support": 945
  },
  "macro avg": {
    "precision": 0.9394514767932489,
    "recall": 0.6261359413533326,
    "f1-score": 0.7060133043535534,
    "support": 945
  },
  "weighted avg": {
    "precision": 0.8727131471435268,
    "recall": 0.7671957671957672,
    "f1-score": 0.8157882510619126,
    "support": 945
  }
}