{
  "flowchart_quest_num": {
    "precision": 0.995260663507109,
    "recall": 0.995260663507109,
    "f1-score": 0.995260663507109,
    "support": 211,
    "confused_with": {}
  },
  "cpplus_content": {
    "precision": 0.9894878103332588,
    "recall": 0.9855201603920695,
    "f1-score": 0.9875,
    "support": 4489,
    "confused_with": {}
  },
  "CPPLUS_CONTENT": {
    "precision": 1.0,
    "recall": 1.0,
    "f1-score": 1.0,
    "support": 7,
    "confused_with": {}
  },
  "micro avg": {
    "precision": 0.9897632757517595,
    "recall": 0.9859783301465902,
    "f1-score": 0.98786717752235,
    "support": 4707
  },
  "macro avg": {
    "precision": 0.9949161579467892,
    "recall": 0.9935936079663928,
    "f1-score": 0.9942535545023697,
    "support": 4707
  },
  "weighted avg": {
    "precision": 0.9897622223467174,
    "recall": 0.9859783301465902,
    "f1-score": 0.9878664754620777,
    "support": 4707
  }
}