{
  "cpplus_why_asking": {
    "precision": 0.8173913043478261,
    "recall": 0.9215686274509803,
    "f1-score": 0.8663594470046083,
    "support": 102,
    "confused_with": {
      "cpplus_what_asking": 4,
      "cpplus_how_asking": 2
    }
  },
  "stop_asking": {
    "precision": 0.75,
    "recall": 0.7741935483870968,
    "f1-score": 0.7619047619047619,
    "support": 31,
    "confused_with": {
      "goodbye": 3,
      "dont_want_to_ask": 2
    }
  },
  "goodbye": {
    "precision": 0.3333333333333333,
    "recall": 0.42857142857142855,
    "f1-score": 0.375,
    "support": 7,
    "confused_with": {
      "stop_asking": 2,
      "attention": 1
    }
  },
  "want_to_practice_flowchart": {
    "precision": 0.8484848484848485,
    "recall": 1.0,
    "f1-score": 0.9180327868852458,
    "support": 28,
    "confused_with": {}
  },
  "dont_want_to_give_cpp_content": {
    "precision": 0.0,
    "recall": 0.0,
    "f1-score": 0.0,
    "support": 2,
    "confused_with": {
      "dont_want_to_give_flowchart_quest_num": 1,
      "cpplus_why_asking": 1
    }
  },
  "who_are_you": {
    "precision": 0.8372093023255814,
    "recall": 0.782608695652174,
    "f1-score": 0.8089887640449438,
    "support": 46,
    "confused_with": {
      "cpplus_what_asking": 7,
      "health_inquire": 2
    }
  },
  "dont_want_to_ask": {
    "precision": 0.6666666666666666,
    "recall": 0.5714285714285714,
    "f1-score": 0.6153846153846153,
    "support": 7,
    "confused_with": {
      "out_of_scope": 1,
      "want_to_watch_cpp_tutorial": 1
    }
  },
  "want_to_practice_cpp": {
    "precision": 0.7941176470588235,
    "recall": 0.9642857142857143,
    "f1-score": 0.8709677419354839,
    "support": 28,
    "confused_with": {
      "cpp_practice": 1
    }
  },
  "insult": {
    "precision": 0.8333333333333334,
    "recall": 0.6666666666666666,
    "f1-score": 0.7407407407407408,
    "support": 45,
    "confused_with": {
      "out_of_scope": 4,
      "cpplus_what_asking": 2
    }
  },
  "out_of_scope": {
    "precision": 0.4,
    "recall": 0.47058823529411764,
    "f1-score": 0.4324324324324324,
    "support": 34,
    "confused_with": {
      "cpplus_what_asking": 4,
      "cpplus_how_asking": 2
    }
  },
  "compliment": {
    "precision": 0.625,
    "recall": 0.25,
    "f1-score": 0.35714285714285715,
    "support": 20,
    "confused_with": {
      "health_inquire": 3,
      "out_of_scope": 3
    }
  },
  "time": {
    "precision": 1.0,
    "recall": 0.75,
    "f1-score": 0.8571428571428571,
    "support": 4,
    "confused_with": {
      "cpplus_what_asking": 1
    }
  },
  "who_create_you": {
    "precision": 1.0,
    "recall": 0.5,
    "f1-score": 0.6666666666666666,
    "support": 20,
    "confused_with": {
      "want_to_watch_cpp_tutorial": 4,
      "cpplus_what_asking": 2
    }
  },
  "cpp_practice": {
    "precision": 0.8333333333333334,
    "recall": 0.8333333333333334,
    "f1-score": 0.8333333333333334,
    "support": 12,
    "confused_with": {
      "want_to_practice_flowchart": 1,
      "want_to_practice_cpp": 1
    }
  },
  "feeling_good": {
    "precision": 0.875,
    "recall": 0.6666666666666666,
    "f1-score": 0.7567567567567567,
    "support": 21,
    "confused_with": {
      "health_inquire": 4,
      "out_of_scope": 1
    }
  },
  "cpplus_where_asking": {
    "precision": 1.0,
    "recall": 0.6666666666666666,
    "f1-score": 0.8,
    "support": 3,
    "confused_with": {
      "out_of_scope": 1
    }
  },
  "attention": {
    "precision": 0.5,
    "recall": 0.7692307692307693,
    "f1-score": 0.6060606060606061,
    "support": 13,
    "confused_with": {
      "greet": 2,
      "cpplus_how_asking": 1
    }
  },
  "cpplus_when_asking": {
    "precision": 1.0,
    "recall": 0.75,
    "f1-score": 0.8571428571428571,
    "support": 4,
    "confused_with": {
      "cpplus_why_asking": 1
    }
  },
  "feeling_bad": {
    "precision": 0.5,
    "recall": 0.4,
    "f1-score": 0.4444444444444445,
    "support": 10,
    "confused_with": {
      "out_of_scope": 3,
      "health_inquire": 2
    }
  },
  "greet": {
    "precision": 0.8,
    "recall": 0.5333333333333333,
    "f1-score": 0.64,
    "support": 30,
    "confused_with": {
      "attention": 7,
      "out_of_scope": 3
    }
  },
  "cpplus_example_asking": {
    "precision": 0.9821428571428571,
    "recall": 1.0,
    "f1-score": 0.9909909909909909,
    "support": 55,
    "confused_with": {}
  },
  "want_to_watch_cpp_tutorial": {
    "precision": 0.7727272727272727,
    "recall": 0.85,
    "f1-score": 0.8095238095238095,
    "support": 40,
    "confused_with": {
      "cpplus_specific_video_tutorial_asking": 4,
      "out_of_scope": 1
    }
  },
  "cpplus_what_asking": {
    "precision": 0.827906976744186,
    "recall": 0.9270833333333334,
    "f1-score": 0.8746928746928746,
    "support": 192,
    "confused_with": {
      "cpplus_why_asking": 4,
      "cpplus_how_asking": 3
    }
  },
  "dont_want_to_give_flowchart_quest_num": {
    "precision": 0.9583333333333334,
    "recall": 0.7931034482758621,
    "f1-score": 0.8679245283018867,
    "support": 29,
    "confused_with": {
      "cpplus_why_asking": 5,
      "dont_want_to_give_cpp_content": 1
    }
  },
  "health_inquire": {
    "precision": 0.7704918032786885,
    "recall": 0.9038461538461539,
    "f1-score": 0.8318584070796459,
    "support": 52,
    "confused_with": {
      "cpplus_what_asking": 2,
      "deny": 1
    }
  },
  "flowchart_asking": {
    "precision": 0.9666666666666667,
    "recall": 0.8787878787878788,
    "f1-score": 0.9206349206349207,
    "support": 33,
    "confused_with": {
      "want_to_practice_flowchart": 2,
      "want_to_practice_cpp": 1
    }
  },
  "date": {
    "precision": 1.0,
    "recall": 0.3333333333333333,
    "f1-score": 0.5,
    "support": 3,
    "confused_with": {
      "want_to_ask": 1,
      "cpplus_what_asking": 1
    }
  },
  "thanks": {
    "precision": 1.0,
    "recall": 0.6428571428571429,
    "f1-score": 0.782608695652174,
    "support": 14,
    "confused_with": {
      "insult": 2,
      "want_to_ask": 1
    }
  },
  "cpplus_how_asking": {
    "precision": 0.94375,
    "recall": 0.9151515151515152,
    "f1-score": 0.9292307692307692,
    "support": 165,
    "confused_with": {
      "cpplus_why_asking": 4,
      "cpplus_what_asking": 4
    }
  },
  "continue_asking": {
    "precision": 0.6153846153846154,
    "recall": 0.6666666666666666,
    "f1-score": 0.64,
    "support": 12,
    "confused_with": {
      "who_are_you": 1,
      "want_to_practice_cpp": 1
    }
  },
  "cpplus_specific_video_tutorial_asking": {
    "precision": 0.8,
    "recall": 0.875,
    "f1-score": 0.8358208955223881,
    "support": 32,
    "confused_with": {
      "want_to_watch_cpp_tutorial": 2,
      "cpplus_what_asking": 2
    }
  },
  "want_to_ask": {
    "precision": 0.8620689655172413,
    "recall": 0.8928571428571429,
    "f1-score": 0.8771929824561403,
    "support": 28,
    "confused_with": {
      "cpp_practice": 1,
      "stop_asking": 1
    }
  },
  "deny": {
    "precision": 0.8717948717948718,
    "recall": 0.8717948717948718,
    "f1-score": 0.8717948717948718,
    "support": 39,
    "confused_with": {
      "cpplus_what_asking": 2,
      "want_to_watch_cpp_tutorial": 1
    }
  },
  "affirm": {
    "precision": 0.3333333333333333,
    "recall": 0.1,
    "f1-score": 0.15384615384615383,
    "support": 10,
    "confused_with": {
      "continue_asking": 3,
      "corona": 1
    }
  },
  "corona": {
    "precision": 0.8125,
    "recall": 0.8666666666666667,
    "f1-score": 0.8387096774193549,
    "support": 15,
    "confused_with": {
      "cpplus_what_asking": 2
    }
  },
  "accuracy": 0.8220910623946037,
  "macro avg": {
    "precision": 0.7694562989944803,
    "recall": 0.6918940117296597,
    "f1-score": 0.7123808927476911,
    "support": 1186
  },
  "weighted avg": {
    "precision": 0.8259762804402189,
    "recall": 0.8220910623946037,
    "f1-score": 0.8161304066463206,
    "support": 1186
  }
}