{
  "CPPLUS_CONTENT": {
    "precision": 0.0,
    "recall": 0.0,
    "f1-score": 0.0,
    "support": 1,
    "confused_with": {
      "cpplus_content": 1
    }
  },
  "flowchart_quest_num": {
    "precision": 0.9069767441860465,
    "recall": 0.9069767441860465,
    "f1-score": 0.9069767441860465,
    "support": 43,
    "confused_with": {
      "cpplus_content": 3
    }
  },
  "cpplus_content": {
    "precision": 0.8791574279379157,
    "recall": 0.8676148796498906,
    "f1-score": 0.8733480176211454,
    "support": 914,
    "confused_with": {
      "flowchart_quest_num": 1
    }
  },
  "micro avg": {
    "precision": 0.8804232804232804,
    "recall": 0.8684759916492694,
    "f1-score": 0.8744088281660536,
    "support": 958
  },
  "macro avg": {
    "precision": 0.5953780573746541,
    "recall": 0.5915305412786457,
    "f1-score": 0.5934415872690639,
    "support": 958
  },
  "weighted avg": {
    "precision": 0.8794884020200991,
    "recall": 0.8684759916492694,
    "f1-score": 0.8739458122189216,
    "support": 958
  }
}