{
  "cpplus_why_asking": {
    "precision": 0.9504950495049505,
    "recall": 0.9411764705882353,
    "f1-score": 0.9458128078817734,
    "support": 102,
    "confused_with": {
      "cpplus_what_asking": 4,
      "cpplus_specific_video_tutorial_asking": 1
    }
  },
  "stop_asking": {
    "precision": 0.7272727272727273,
    "recall": 0.7741935483870968,
    "f1-score": 0.7500000000000001,
    "support": 31,
    "confused_with": {
      "affirm": 2,
      "corona": 1
    }
  },
  "goodbye": {
    "precision": 0.5,
    "recall": 0.14285714285714285,
    "f1-score": 0.22222222222222224,
    "support": 7,
    "confused_with": {
      "continue_asking": 2,
      "affirm": 1,
      "cpplus_how_asking": 1
    }
  },
  "want_to_practice_flowchart": {
    "precision": 0.7575757575757576,
    "recall": 0.8928571428571429,
    "f1-score": 0.819672131147541,
    "support": 28,
    "confused_with": {
      "cpplus_what_asking": 1,
      "stop_asking": 1
    }
  },
  "dont_want_to_give_cpp_content": {
    "precision": 0.0,
    "recall": 0.0,
    "f1-score": 0.0,
    "support": 2,
    "confused_with": {
      "dont_want_to_give_flowchart_quest_num": 1,
      "want_to_practice_cpp": 1
    }
  },
  "who_are_you": {
    "precision": 0.8604651162790697,
    "recall": 0.8043478260869565,
    "f1-score": 0.8314606741573034,
    "support": 46,
    "confused_with": {
      "cpplus_what_asking": 5,
      "cpplus_how_asking": 1
    }
  },
  "dont_want_to_ask": {
    "precision": 0.8571428571428571,
    "recall": 0.8571428571428571,
    "f1-score": 0.8571428571428571,
    "support": 7,
    "confused_with": {
      "cpplus_why_asking": 1
    }
  },
  "want_to_practice_cpp": {
    "precision": 0.8181818181818182,
    "recall": 0.9642857142857143,
    "f1-score": 0.8852459016393442,
    "support": 28,
    "confused_with": {
      "want_to_practice_flowchart": 1
    }
  },
  "insult": {
    "precision": 0.9473684210526315,
    "recall": 0.8,
    "f1-score": 0.8674698795180723,
    "support": 45,
    "confused_with": {
      "greet": 3,
      "compliment": 2
    }
  },
  "out_of_scope": {
    "precision": 0.6428571428571429,
    "recall": 0.2647058823529412,
    "f1-score": 0.37499999999999994,
    "support": 34,
    "confused_with": {
      "cpplus_what_asking": 5,
      "attention": 3
    }
  },
  "compliment": {
    "precision": 0.5714285714285714,
    "recall": 0.6,
    "f1-score": 0.5853658536585366,
    "support": 20,
    "confused_with": {
      "greet": 4,
      "continue_asking": 2
    }
  },
  "time": {
    "precision": 0.6,
    "recall": 0.75,
    "f1-score": 0.6666666666666665,
    "support": 4,
    "confused_with": {
      "out_of_scope": 1
    }
  },
  "who_create_you": {
    "precision": 0.875,
    "recall": 0.7,
    "f1-score": 0.7777777777777777,
    "support": 20,
    "confused_with": {
      "thanks": 1,
      "who_are_you": 1
    }
  },
  "cpp_practice": {
    "precision": 0.9,
    "recall": 0.75,
    "f1-score": 0.8181818181818182,
    "support": 12,
    "confused_with": {
      "want_to_practice_flowchart": 2,
      "cpplus_what_asking": 1
    }
  },
  "feeling_good": {
    "precision": 0.7272727272727273,
    "recall": 0.7619047619047619,
    "f1-score": 0.7441860465116279,
    "support": 21,
    "confused_with": {
      "compliment": 2,
      "health_inquire": 1
    }
  },
  "cpplus_where_asking": {
    "precision": 0.6,
    "recall": 1.0,
    "f1-score": 0.7499999999999999,
    "support": 3,
    "confused_with": {}
  },
  "attention": {
    "precision": 0.35294117647058826,
    "recall": 0.46153846153846156,
    "f1-score": 0.4000000000000001,
    "support": 13,
    "confused_with": {
      "greet": 3,
      "affirm": 1
    }
  },
  "cpplus_when_asking": {
    "precision": 0.8,
    "recall": 1.0,
    "f1-score": 0.888888888888889,
    "support": 4,
    "confused_with": {}
  },
  "feeling_bad": {
    "precision": 0.8333333333333334,
    "recall": 0.5,
    "f1-score": 0.625,
    "support": 10,
    "confused_with": {
      "out_of_scope": 2,
      "attention": 1
    }
  },
  "greet": {
    "precision": 0.5945945945945946,
    "recall": 0.7333333333333333,
    "f1-score": 0.6567164179104478,
    "support": 30,
    "confused_with": {
      "attention": 5,
      "affirm": 1
    }
  },
  "cpplus_example_asking": {
    "precision": 0.9818181818181818,
    "recall": 0.9818181818181818,
    "f1-score": 0.9818181818181818,
    "support": 55,
    "confused_with": {
      "cpplus_what_asking": 1
    }
  },
  "want_to_watch_cpp_tutorial": {
    "precision": 0.85,
    "recall": 0.85,
    "f1-score": 0.85,
    "support": 40,
    "confused_with": {
      "want_to_practice_cpp": 4,
      "want_to_ask": 1
    }
  },
  "cpplus_what_asking": {
    "precision": 0.8838383838383839,
    "recall": 0.9114583333333334,
    "f1-score": 0.8974358974358975,
    "support": 192,
    "confused_with": {
      "cpplus_how_asking": 6,
      "want_to_practice_flowchart": 2
    }
  },
  "dont_want_to_give_flowchart_quest_num": {
    "precision": 0.8888888888888888,
    "recall": 0.8275862068965517,
    "f1-score": 0.8571428571428572,
    "support": 29,
    "confused_with": {
      "cpplus_why_asking": 2,
      "want_to_practice_flowchart": 1
    }
  },
  "health_inquire": {
    "precision": 0.8928571428571429,
    "recall": 0.9615384615384616,
    "f1-score": 0.9259259259259259,
    "support": 52,
    "confused_with": {
      "feeling_good": 1,
      "stop_asking": 1
    }
  },
  "flowchart_asking": {
    "precision": 0.8857142857142857,
    "recall": 0.9393939393939394,
    "f1-score": 0.9117647058823529,
    "support": 33,
    "confused_with": {
      "cpplus_what_asking": 1,
      "cpplus_how_asking": 1
    }
  },
  "date": {
    "precision": 0.5,
    "recall": 0.3333333333333333,
    "f1-score": 0.4,
    "support": 3,
    "confused_with": {
      "who_are_you": 2
    }
  },
  "thanks": {
    "precision": 0.7222222222222222,
    "recall": 0.9285714285714286,
    "f1-score": 0.8125000000000001,
    "support": 14,
    "confused_with": {
      "greet": 1
    }
  },
  "cpplus_how_asking": {
    "precision": 0.9302325581395349,
    "recall": 0.9696969696969697,
    "f1-score": 0.9495548961424333,
    "support": 165,
    "confused_with": {
      "health_inquire": 2,
      "cpplus_specific_video_tutorial_asking": 1
    }
  },
  "continue_asking": {
    "precision": 0.5333333333333333,
    "recall": 0.6666666666666666,
    "f1-score": 0.5925925925925926,
    "support": 12,
    "confused_with": {
      "want_to_ask": 3,
      "stop_asking": 1
    }
  },
  "cpplus_specific_video_tutorial_asking": {
    "precision": 0.7741935483870968,
    "recall": 0.75,
    "f1-score": 0.7619047619047619,
    "support": 32,
    "confused_with": {
      "want_to_watch_cpp_tutorial": 5,
      "want_to_practice_cpp": 1
    }
  },
  "want_to_ask": {
    "precision": 0.8709677419354839,
    "recall": 0.9642857142857143,
    "f1-score": 0.9152542372881356,
    "support": 28,
    "confused_with": {
      "stop_asking": 1
    }
  },
  "deny": {
    "precision": 0.8717948717948718,
    "recall": 0.8717948717948718,
    "f1-score": 0.8717948717948718,
    "support": 39,
    "confused_with": {
      "dont_want_to_give_flowchart_quest_num": 2,
      "cpplus_specific_video_tutorial_asking": 1
    }
  },
  "affirm": {
    "precision": 0.16666666666666666,
    "recall": 0.1,
    "f1-score": 0.125,
    "support": 10,
    "confused_with": {
      "greet": 2,
      "thanks": 1
    }
  },
  "corona": {
    "precision": 0.9230769230769231,
    "recall": 0.8,
    "f1-score": 0.8571428571428571,
    "support": 15,
    "confused_with": {
      "cpplus_what_asking": 2,
      "flowchart_asking": 1
    }
  },
  "accuracy": 0.845699831365936,
  "macro avg": {
    "precision": 0.731186686903994,
    "recall": 0.7301282071046885,
    "f1-score": 0.7193326208107356,
    "support": 1186
  },
  "weighted avg": {
    "precision": 0.8428781352508713,
    "recall": 0.845699831365936,
    "f1-score": 0.8391747724402555,
    "support": 1186
  }
}