{
  "flowchart_quest_num": {
    "precision": 0.9772727272727273,
    "recall": 0.9772727272727273,
    "f1-score": 0.9772727272727273,
    "support": 44,
    "confused_with": {}
  },
  "cpplus_content": {
    "precision": 0.9040793825799338,
    "recall": 0.9141583054626533,
    "f1-score": 0.9090909090909091,
    "support": 897,
    "confused_with": {}
  },
  "CPPLUS_CONTENT": {
    "precision": 1.0,
    "recall": 0.25,
    "f1-score": 0.4,
    "support": 4,
    "confused_with": {
      "cpplus_content": 3
    }
  },
  "micro avg": {
    "precision": 0.907563025210084,
    "recall": 0.9142857142857143,
    "f1-score": 0.9109119662625198,
    "support": 945
  },
  "macro avg": {
    "precision": 0.9604507032842203,
    "recall": 0.7138103442451268,
    "f1-score": 0.7621212121212121,
    "support": 945
  },
  "weighted avg": {
    "precision": 0.9078933398668789,
    "recall": 0.9142857142857143,
    "f1-score": 0.9101106301106301,
    "support": 945
  }
}