{
  "cpplus_why_asking": {
    "precision": 0.97,
    "recall": 0.9509803921568627,
    "f1-score": 0.9603960396039604,
    "support": 102,
    "confused_with": {
      "cpplus_what_asking": 2,
      "cpplus_how_asking": 1
    }
  },
  "stop_asking": {
    "precision": 0.9655172413793104,
    "recall": 0.9032258064516129,
    "f1-score": 0.9333333333333333,
    "support": 31,
    "confused_with": {
      "attention": 1,
      "want_to_ask": 1
    }
  },
  "goodbye": {
    "precision": 0.8,
    "recall": 0.5714285714285714,
    "f1-score": 0.6666666666666666,
    "support": 7,
    "confused_with": {
      "affirm": 1,
      "insult": 1
    }
  },
  "want_to_practice_flowchart": {
    "precision": 0.8928571428571429,
    "recall": 0.8928571428571429,
    "f1-score": 0.8928571428571429,
    "support": 28,
    "confused_with": {
      "who_are_you": 1,
      "cpp_practice": 1
    }
  },
  "dont_want_to_give_cpp_content": {
    "precision": 0.0,
    "recall": 0.0,
    "f1-score": 0.0,
    "support": 2,
    "confused_with": {
      "dont_want_to_give_flowchart_quest_num": 1,
      "who_are_you": 1
    }
  },
  "who_are_you": {
    "precision": 0.7049180327868853,
    "recall": 0.9347826086956522,
    "f1-score": 0.8037383177570093,
    "support": 46,
    "confused_with": {
      "deny": 1,
      "health_inquire": 1
    }
  },
  "dont_want_to_ask": {
    "precision": 0.8571428571428571,
    "recall": 0.8571428571428571,
    "f1-score": 0.8571428571428571,
    "support": 7,
    "confused_with": {
      "health_inquire": 1
    }
  },
  "want_to_practice_cpp": {
    "precision": 1.0,
    "recall": 0.8571428571428571,
    "f1-score": 0.923076923076923,
    "support": 28,
    "confused_with": {
      "want_to_watch_cpp_tutorial": 2,
      "cpp_practice": 1
    }
  },
  "insult": {
    "precision": 0.6724137931034483,
    "recall": 0.8666666666666667,
    "f1-score": 0.7572815533980582,
    "support": 45,
    "confused_with": {
      "feeling_bad": 2,
      "affirm": 1
    }
  },
  "out_of_scope": {
    "precision": 0.47619047619047616,
    "recall": 0.29411764705882354,
    "f1-score": 0.3636363636363637,
    "support": 34,
    "confused_with": {
      "cpplus_what_asking": 7,
      "health_inquire": 2
    }
  },
  "compliment": {
    "precision": 0.7777777777777778,
    "recall": 0.7,
    "f1-score": 0.7368421052631577,
    "support": 20,
    "confused_with": {
      "out_of_scope": 2,
      "cpplus_how_asking": 1
    }
  },
  "time": {
    "precision": 1.0,
    "recall": 0.75,
    "f1-score": 0.8571428571428571,
    "support": 4,
    "confused_with": {
      "out_of_scope": 1
    }
  },
  "who_create_you": {
    "precision": 0.9166666666666666,
    "recall": 0.55,
    "f1-score": 0.6874999999999999,
    "support": 20,
    "confused_with": {
      "who_are_you": 6,
      "insult": 1
    }
  },
  "cpp_practice": {
    "precision": 0.8333333333333334,
    "recall": 0.8333333333333334,
    "f1-score": 0.8333333333333334,
    "support": 12,
    "confused_with": {
      "cpplus_what_asking": 1,
      "flowchart_asking": 1
    }
  },
  "feeling_good": {
    "precision": 0.9333333333333333,
    "recall": 0.6666666666666666,
    "f1-score": 0.7777777777777778,
    "support": 21,
    "confused_with": {
      "insult": 2,
      "greet": 1
    }
  },
  "cpplus_where_asking": {
    "precision": 0.75,
    "recall": 1.0,
    "f1-score": 0.8571428571428571,
    "support": 3,
    "confused_with": {}
  },
  "attention": {
    "precision": 0.5,
    "recall": 0.6153846153846154,
    "f1-score": 0.5517241379310345,
    "support": 13,
    "confused_with": {
      "greet": 2,
      "insult": 1
    }
  },
  "cpplus_when_asking": {
    "precision": 1.0,
    "recall": 0.25,
    "f1-score": 0.4,
    "support": 4,
    "confused_with": {
      "who_are_you": 1,
      "cpplus_what_asking": 1
    }
  },
  "feeling_bad": {
    "precision": 0.5833333333333334,
    "recall": 0.7,
    "f1-score": 0.6363636363636365,
    "support": 10,
    "confused_with": {
      "affirm": 1,
      "insult": 1
    }
  },
  "greet": {
    "precision": 0.8636363636363636,
    "recall": 0.6333333333333333,
    "f1-score": 0.7307692307692307,
    "support": 30,
    "confused_with": {
      "attention": 4,
      "who_are_you": 2
    }
  },
  "cpplus_example_asking": {
    "precision": 0.9444444444444444,
    "recall": 0.9272727272727272,
    "f1-score": 0.9357798165137615,
    "support": 55,
    "confused_with": {
      "cpplus_what_asking": 4
    }
  },
  "want_to_watch_cpp_tutorial": {
    "precision": 0.7090909090909091,
    "recall": 0.975,
    "f1-score": 0.8210526315789474,
    "support": 40,
    "confused_with": {
      "cpplus_what_asking": 1
    }
  },
  "cpplus_what_asking": {
    "precision": 0.8756218905472637,
    "recall": 0.9166666666666666,
    "f1-score": 0.895674300254453,
    "support": 192,
    "confused_with": {
      "cpplus_how_asking": 4,
      "who_are_you": 2
    }
  },
  "dont_want_to_give_flowchart_quest_num": {
    "precision": 0.9285714285714286,
    "recall": 0.896551724137931,
    "f1-score": 0.912280701754386,
    "support": 29,
    "confused_with": {
      "deny": 1,
      "flowchart_asking": 1
    }
  },
  "health_inquire": {
    "precision": 0.9090909090909091,
    "recall": 0.9615384615384616,
    "f1-score": 0.9345794392523366,
    "support": 52,
    "confused_with": {
      "cpplus_what_asking": 1,
      "cpplus_example_asking": 1
    }
  },
  "flowchart_asking": {
    "precision": 0.9117647058823529,
    "recall": 0.9393939393939394,
    "f1-score": 0.9253731343283583,
    "support": 33,
    "confused_with": {
      "want_to_watch_cpp_tutorial": 1,
      "cpplus_why_asking": 1
    }
  },
  "date": {
    "precision": 1.0,
    "recall": 0.6666666666666666,
    "f1-score": 0.8,
    "support": 3,
    "confused_with": {
      "out_of_scope": 1
    }
  },
  "thanks": {
    "precision": 0.8461538461538461,
    "recall": 0.7857142857142857,
    "f1-score": 0.8148148148148148,
    "support": 14,
    "confused_with": {
      "who_create_you": 1,
      "insult": 1
    }
  },
  "cpplus_how_asking": {
    "precision": 0.9393939393939394,
    "recall": 0.9393939393939394,
    "f1-score": 0.9393939393939394,
    "support": 165,
    "confused_with": {
      "cpplus_what_asking": 5,
      "want_to_watch_cpp_tutorial": 2
    }
  },
  "continue_asking": {
    "precision": 0.9,
    "recall": 0.75,
    "f1-score": 0.8181818181818182,
    "support": 12,
    "confused_with": {
      "insult": 1,
      "attention": 1
    }
  },
  "cpplus_specific_video_tutorial_asking": {
    "precision": 0.8928571428571429,
    "recall": 0.78125,
    "f1-score": 0.8333333333333334,
    "support": 32,
    "confused_with": {
      "want_to_watch_cpp_tutorial": 6,
      "want_to_practice_flowchart": 1
    }
  },
  "want_to_ask": {
    "precision": 0.896551724137931,
    "recall": 0.9285714285714286,
    "f1-score": 0.912280701754386,
    "support": 28,
    "confused_with": {
      "out_of_scope": 1,
      "who_are_you": 1
    }
  },
  "deny": {
    "precision": 0.8181818181818182,
    "recall": 0.9230769230769231,
    "f1-score": 0.8674698795180724,
    "support": 39,
    "confused_with": {
      "dont_want_to_give_flowchart_quest_num": 1,
      "insult": 1
    }
  },
  "affirm": {
    "precision": 0.16666666666666666,
    "recall": 0.1,
    "f1-score": 0.125,
    "support": 10,
    "confused_with": {
      "insult": 3,
      "thanks": 1,
      "who_are_you": 1
    }
  },
  "corona": {
    "precision": 0.9285714285714286,
    "recall": 0.8666666666666667,
    "f1-score": 0.896551724137931,
    "support": 15,
    "confused_with": {
      "compliment": 1,
      "cpplus_specific_video_tutorial_asking": 1
    }
  },
  "accuracy": 0.857504215851602,
  "macro avg": {
    "precision": 0.8046880344323145,
    "recall": 0.7481378836405324,
    "f1-score": 0.7616711819432211,
    "support": 1186
  },
  "weighted avg": {
    "precision": 0.8590809877645406,
    "recall": 0.857504215851602,
    "f1-score": 0.8523911327464581,