{
  "flowchart_quest_num": {
    "precision": 0.9767441860465116,
    "recall": 0.9545454545454546,
    "f1-score": 0.9655172413793104,
    "support": 44,
    "confused_with": {}
  },
  "cpplus_content": {
    "precision": 0.9532163742690059,
    "recall": 0.9085841694537347,
    "f1-score": 0.930365296803653,
    "support": 897,
    "confused_with": {}
  },
  "CPPLUS_CONTENT": {
    "precision": 1.0,
    "recall": 0.25,
    "f1-score": 0.4,
    "support": 4,
    "confused_with": {
      "cpplus_content": 3
    }
  },
  "micro avg": {
    "precision": 0.9543937708565072,
    "recall": 0.9079365079365079,
    "f1-score": 0.93058568329718,
    "support": 945
  },
  "macro avg": {
    "precision": 0.9766535201051725,
    "recall": 0.704376541333063,
    "f1-score": 0.7652941793943211,
    "support": 945
  },
  "weighted avg": {
    "precision": 0.9545098750321109,
    "recall": 0.9079365079365079,
    "f1-score": 0.9297570686281126,
    "support": 945
  }
}