{
  "flowchart_quest_num": {
    "precision": 0.9767441860465116,
    "recall": 0.9545454545454546,
    "f1-score": 0.9655172413793104,
    "support": 44,
    "confused_with": {}
  },
  "cpplus_content": {
    "precision": 0.9521472392638037,
    "recall": 0.8651059085841695,
    "f1-score": 0.9065420560747663,
    "support": 897,
    "confused_with": {}
  },
  "CPPLUS_CONTENT": {
    "precision": 0.0,
    "recall": 0.0,
    "f1-score": 0.0,
    "support": 4,
    "confused_with": {
      "cpplus_content": 3
    }
  },
  "micro avg": {
    "precision": 0.9533799533799534,
    "recall": 0.8656084656084656,
    "f1-score": 0.9073765945646145,
    "support": 945
  },
  "macro avg": {
    "precision": 0.6429638084367718,
    "recall": 0.6065504543765413,
    "f1-score": 0.6240197658180255,
    "support": 945
  },
  "weighted avg": {
    "precision": 0.9492622410642101,
    "recall": 0.8656084656084656,
    "f1-score": 0.9054507755764604,
    "support": 945
  }
}