{
  "flowchart_quest_num": {
    "precision": 1.0,
    "recall": 0.98,
    "f1-score": 0.98989898989899,
    "support": 50,
    "confused_with": {}
  },
  "cpplus_content": {
    "precision": 0.9772570640937285,
    "recall": 0.9542395693135935,
    "f1-score": 0.965611167858359,
    "support": 1486,
    "confused_with": {}
  },
  "micro avg": {
    "precision": 0.978,
    "recall": 0.955078125,
    "f1-score": 0.966403162055336,
    "support": 1536
  },
  "macro avg": {
    "precision": 0.9886285320468642,
    "recall": 0.9671197846567967,
    "f1-score": 0.9777550788786744,
    "support": 1536
  },
  "weighted avg": {
    "precision": 0.9779973940385941,
    "recall": 0.955078125,
    "f1-score": 0.9664017870654108,
    "support": 1536
  }
}