{
  "cpp_practice": {
    "precision": 0.7142857142857143,
    "recall": 0.45454545454545453,
    "f1-score": 0.5555555555555556,
    "support": 11,
    "confused_with": {
      "out_of_scope": 2,
      "cpplus_how_asking": 2
    }
  },
  "want_to_practice_cpp": {
    "precision": 0.84,
    "recall": 0.75,
    "f1-score": 0.7924528301886793,
    "support": 28,
    "confused_with": {
      "want_to_watch_cpp_tutorial": 2,
      "dont_want_to_give_flowchart_quest_num": 1
    }
  },
  "cpplus_why_asking": {
    "precision": 0.7272727272727273,
    "recall": 0.8627450980392157,
    "f1-score": 0.789237668161435,
    "support": 102,
    "confused_with": {
      "dont_want_to_give_flowchart_quest_num": 3,
      "cpplus_what_asking": 3
    }
  },
  "dont_want_to_ask": {
    "precision": 0.75,
    "recall": 0.42857142857142855,
    "f1-score": 0.5454545454545454,
    "support": 7,
    "confused_with": {
      "want_to_ask": 1,
      "stop_asking": 1
    }
  },
  "corona": {
    "precision": 0.7142857142857143,
    "recall": 0.3333333333333333,
    "f1-score": 0.4545454545454545,
    "support": 15,
    "confused_with": {
      "want_to_ask": 2,
      "stop_asking": 2
    }
  },
  "who_are_you": {
    "precision": 0.6808510638297872,
    "recall": 0.6808510638297872,
    "f1-score": 0.6808510638297872,
    "support": 47,
    "confused_with": {
      "cpplus_what_asking": 7,
      "health_inquire": 2
    }
  },
  "insult": {
    "precision": 0.7948717948717948,
    "recall": 0.6739130434782609,
    "f1-score": 0.7294117647058824,
    "support": 46,
    "confused_with": {
      "cpplus_how_asking": 4,
      "greet": 3
    }
  },
  "goodbye": {
    "precision": 0.0,
    "recall": 0.0,
    "f1-score": 0.0,
    "support": 7,
    "confused_with": {
      "thanks": 2,
      "cpplus_what_asking": 1,
      "feeling_bad": 1
    }
  },
  "deny": {
    "precision": 0.71875,
    "recall": 0.575,
    "f1-score": 0.6388888888888888,
    "support": 40,
    "confused_with": {
      "cpplus_what_asking": 3,
      "stop_asking": 3
    }
  },
  "feeling_good": {
    "precision": 0.65,
    "recall": 0.6190476190476191,
    "f1-score": 0.6341463414634146,
    "support": 21,
    "confused_with": {
      "greet": 3,
      "health_inquire": 3
    }
  },
  "feeling_bad": {
    "precision": 0.25,
    "recall": 0.08333333333333333,
    "f1-score": 0.125,
    "support": 12,
    "confused_with": {
      "cpplus_why_asking": 2,
      "out_of_scope": 2,
      "stop_asking": 2
    }
  },
  "cpplus_what_asking": {
    "precision": 0.7835051546391752,
    "recall": 0.7875647668393783,
    "f1-score": 0.7855297157622738,
    "support": 193,
    "confused_with": {
      "cpplus_how_asking": 7,
      "cpplus_example_asking": 6
    }
  },
  "stop_asking": {
    "precision": 0.4883720930232558,
    "recall": 0.6363636363636364,
    "f1-score": 0.5526315789473685,
    "support": 33,
    "confused_with": {
      "insult": 2,
      "cpplus_what_asking": 2
    }
  },
  "date": {
    "precision": 0.0,
    "recall": 0.0,
    "f1-score": 0.0,
    "support": 3,
    "confused_with": {
      "cpplus_how_asking": 1,
      "want_to_ask": 1,
      "who_are_you": 1
    }
  },
  "compliment": {
    "precision": 0.5714285714285714,
    "recall": 0.19047619047619047,
    "f1-score": 0.2857142857142857,
    "support": 21,
    "confused_with": {
      "greet": 3,
      "want_to_ask": 3
    }
  },
  "affirm": {
    "precision": 0.2222222222222222,
    "recall": 0.18181818181818182,
    "f1-score": 0.19999999999999998,
    "support": 11,
    "confused_with": {
      "want_to_ask": 2,
      "greet": 2
    }
  },
  "thanks": {
    "precision": 0.4117647058823529,
    "recall": 0.5,
    "f1-score": 0.45161290322580644,
    "support": 14,
    "confused_with": {
      "feeling_good": 3,
      "dont_want_to_give_flowchart_quest_num": 1
    }
  },
  "flowchart_asking": {
    "precision": 0.8823529411764706,
    "recall": 0.9090909090909091,
    "f1-score": 0.8955223880597014,
    "support": 33,
    "confused_with": {
      "cpplus_how_asking": 1,
      "want_to_practice_flowchart": 1
    }
  },
  "dont_want_to_give_cpp_content": {
    "precision": 0.0,
    "recall": 0.0,
    "f1-score": 0.0,
    "support": 2,
    "confused_with": {
      "dont_want_to_give_flowchart_quest_num": 2
    }
  },
  "want_to_ask": {
    "precision": 0.52,
    "recall": 0.9285714285714286,
    "f1-score": 0.6666666666666666,
    "support": 28,
    "confused_with": {
      "continue_asking": 1,
      "greet": 1
    }
  },
  "continue_asking": {
    "precision": 0.5,
    "recall": 0.38461538461538464,
    "f1-score": 0.4347826086956522,
    "support": 13,
    "confused_with": {
      "dont_want_to_give_flowchart_quest_num": 1,
      "stop_asking": 1
    }
  },
  "time": {
    "precision": 0.0,
    "recall": 0.0,
    "f1-score": 0.0,
    "support": 4,
    "confused_with": {
      "out_of_scope": 2,
      "feeling_bad": 1,
      "want_to_practice_cpp": 1
    }
  },
  "attention": {
    "precision": 0.3333333333333333,
    "recall": 0.23076923076923078,
    "f1-score": 0.27272727272727276,
    "support": 13,
    "confused_with": {
      "stop_asking": 3,
      "affirm": 2
    }
  },
  "cpplus_specific_video_tutorial_asking": {
    "precision": 0.6470588235294118,
    "recall": 0.6666666666666666,
    "f1-score": 0.6567164179104478,
    "support": 33,
    "confused_with": {
      "want_to_watch_cpp_tutorial": 6,
      "cpplus_what_asking": 2
    }
  },
  "out_of_scope": {
    "precision": 0.24242424242424243,
    "recall": 0.19047619047619047,
    "f1-score": 0.21333333333333335,
    "support": 42,
    "confused_with": {
      "cpplus_what_asking": 8,
      "greet": 4
    }
  },
  "greet": {
    "precision": 0.3953488372093023,
    "recall": 0.5666666666666667,
    "f1-score": 0.46575342465753417,
    "support": 30,
    "confused_with": {
      "stop_asking": 3,
      "affirm": 2
    }
  },
  "health_inquire": {
    "precision": 0.746031746031746,
    "recall": 0.9038461538461539,
    "f1-score": 0.8173913043478261,
    "support": 52,
    "confused_with": {
      "time": 2,
      "who_are_you": 1
    }
  },
  "want_to_watch_cpp_tutorial": {
    "precision": 0.5909090909090909,
    "recall": 0.6341463414634146,
    "f1-score": 0.611764705882353,
    "support": 41,
    "confused_with": {
      "cpplus_specific_video_tutorial_asking": 6,
      "dont_want_to_give_flowchart_quest_num": 2
    }
  },
  "cpplus_where_asking": {
    "precision": 1.0,
    "recall": 0.3333333333333333,
    "f1-score": 0.5,
    "support": 3,
    "confused_with": {
      "out_of_scope": 1,
      "cpplus_how_asking": 1
    }
  },
  "cpplus_when_asking": {
    "precision": 1.0,
    "recall": 0.25,
    "f1-score": 0.4,
    "support": 4,
    "confused_with": {
      "cpplus_how_asking": 2,
      "cpplus_why_asking": 1
    }
  },
  "dont_want_to_give_flowchart_quest_num": {
    "precision": 0.5882352941176471,
    "recall": 0.6896551724137931,
    "f1-score": 0.6349206349206349,
    "support": 29,
    "confused_with": {
      "cpplus_why_asking": 6,
      "want_to_ask": 1
    }
  },
  "cpplus_how_asking": {
    "precision": 0.8324873096446701,
    "recall": 0.8864864864864865,
    "f1-score": 0.8586387434554974,
    "support": 185,
    "confused_with": {
      "cpplus_why_asking": 9,
      "cpplus_what_asking": 6
    }
  },
  "want_to_practice_flowchart": {
    "precision": 0.75,
    "recall": 0.6428571428571429,
    "f1-score": 0.6923076923076924,
    "support": 28,
    "confused_with": {
      "cpplus_how_asking": 2,
      "out_of_scope": 2
    }
  },
  "cpplus_example_asking": {
    "precision": 0.8771929824561403,
    "recall": 0.8928571428571429,
    "f1-score": 0.8849557522123894,
    "support": 56,
    "confused_with": {
      "cpplus_why_asking": 3,
      "cpplus_how_asking": 1
    }
  },
  "who_create_you": {
    "precision": 0.8,
    "recall": 0.5714285714285714,
    "f1-score": 0.6666666666666666,
    "support": 21,
    "confused_with": {
      "want_to_watch_cpp_tutorial": 2,