{
  "cpplus_why_asking": {
    "precision": 0.9047619047619048,
    "recall": 0.9313725490196079,
    "f1-score": 0.9178743961352657,
    "support": 102,
    "confused_with": {
      "dont_want_to_give_flowchart_quest_num": 4,
      "insult": 2
    }
  },
  "stop_asking": {
    "precision": 0.7777777777777778,
    "recall": 0.9032258064516129,
    "f1-score": 0.835820895522388,
    "support": 31,
    "confused_with": {
      "want_to_ask": 1,
      "dont_want_to_ask": 1
    }
  },
  "goodbye": {
    "precision": 0.42857142857142855,
    "recall": 0.42857142857142855,
    "f1-score": 0.42857142857142855,
    "support": 7,
    "confused_with": {
      "insult": 2,
      "continue_asking": 1
    }
  },
  "want_to_practice_flowchart": {
    "precision": 0.8666666666666667,
    "recall": 0.9285714285714286,
    "f1-score": 0.896551724137931,
    "support": 28,
    "confused_with": {
      "want_to_watch_cpp_tutorial": 1,
      "cpp_practice": 1
    }
  },
  "dont_want_to_give_cpp_content": {
    "precision": 0.0,
    "recall": 0.0,
    "f1-score": 0.0,
    "support": 2,
    "confused_with": {
      "dont_want_to_give_flowchart_quest_num": 2
    }
  },
  "who_are_you": {
    "precision": 0.8478260869565217,
    "recall": 0.8478260869565217,
    "f1-score": 0.8478260869565218,
    "support": 46,
    "confused_with": {
      "cpplus_why_asking": 1,
      "corona": 1
    }
  },
  "dont_want_to_ask": {
    "precision": 0.5555555555555556,
    "recall": 0.7142857142857143,
    "f1-score": 0.6250000000000001,
    "support": 7,
    "confused_with": {
      "stop_asking": 2
    }
  },
  "want_to_practice_cpp": {
    "precision": 0.9285714285714286,
    "recall": 0.9285714285714286,
    "f1-score": 0.9285714285714286,
    "support": 28,
    "confused_with": {
      "want_to_watch_cpp_tutorial": 1,
      "flowchart_asking": 1
    }
  },
  "insult": {
    "precision": 0.639344262295082,
    "recall": 0.8666666666666667,
    "f1-score": 0.7358490566037736,
    "support": 45,
    "confused_with": {
      "cpplus_what_asking": 2,
      "affirm": 1
    }
  },
  "out_of_scope": {
    "precision": 0.6,
    "recall": 0.2647058823529412,
    "f1-score": 0.36734693877551017,
    "support": 34,
    "confused_with": {
      "cpplus_what_asking": 8,
      "insult": 3
    }
  },
  "compliment": {
    "precision": 0.7272727272727273,
    "recall": 0.4,
    "f1-score": 0.5161290322580645,
    "support": 20,
    "confused_with": {
      "insult": 2,
      "stop_asking": 2
    }
  },
  "time": {
    "precision": 1.0,
    "recall": 0.75,
    "f1-score": 0.8571428571428571,
    "support": 4,
    "confused_with": {
      "out_of_scope": 1
    }
  },
  "who_create_you": {
    "precision": 1.0,
    "recall": 0.55,
    "f1-score": 0.7096774193548387,
    "support": 20,
    "confused_with": {
      "cpplus_what_asking": 5,
      "who_are_you": 3
    }
  },
  "cpp_practice": {
    "precision": 0.9,
    "recall": 0.75,
    "f1-score": 0.8181818181818182,
    "support": 12,
    "confused_with": {
      "want_to_practice_flowchart": 1,
      "want_to_practice_cpp": 1
    }
  },
  "feeling_good": {
    "precision": 0.7142857142857143,
    "recall": 0.7142857142857143,
    "f1-score": 0.7142857142857143,
    "support": 21,
    "confused_with": {
      "insult": 1,
      "health_inquire": 1
    }
  },
  "cpplus_where_asking": {
    "precision": 0.75,
    "recall": 1.0,
    "f1-score": 0.8571428571428571,
    "support": 3,
    "confused_with": {}
  },
  "attention": {
    "precision": 0.42857142857142855,
    "recall": 0.46153846153846156,
    "f1-score": 0.4444444444444445,
    "support": 13,
    "confused_with": {
      "greet": 4,
      "out_of_scope": 1
    }
  },
  "cpplus_when_asking": {
    "precision": 1.0,
    "recall": 0.5,
    "f1-score": 0.6666666666666666,
    "support": 4,
    "confused_with": {
      "cpplus_how_asking": 1,
      "cpplus_why_asking": 1
    }
  },
  "feeling_bad": {
    "precision": 0.75,
    "recall": 0.6,
    "f1-score": 0.6666666666666665,
    "support": 10,
    "confused_with": {
      "affirm": 1,
      "insult": 1
    }
  },
  "greet": {
    "precision": 0.8076923076923077,
    "recall": 0.7,
    "f1-score": 0.75,
    "support": 30,
    "confused_with": {
      "attention": 3,
      "insult": 2
    }
  },
  "cpplus_example_asking": {
    "precision": 0.9272727272727272,
    "recall": 0.9272727272727272,
    "f1-score": 0.9272727272727272,
    "support": 55,
    "confused_with": {
      "cpplus_what_asking": 4
    }
  },
  "want_to_watch_cpp_tutorial": {
    "precision": 0.8372093023255814,
    "recall": 0.9,
    "f1-score": 0.8674698795180723,
    "support": 40,
    "confused_with": {
      "cpplus_specific_video_tutorial_asking": 2,
      "cpplus_how_asking": 1
    }
  },
  "cpplus_what_asking": {
    "precision": 0.8557692307692307,
    "recall": 0.9270833333333334,
    "f1-score": 0.8899999999999999,
    "support": 192,
    "confused_with": {
      "cpplus_why_asking": 3,
      "want_to_practice_flowchart": 2
    }
  },
  "dont_want_to_give_flowchart_quest_num": {
    "precision": 0.7575757575757576,
    "recall": 0.8620689655172413,
    "f1-score": 0.8064516129032258,
    "support": 29,
    "confused_with": {
      "cpplus_why_asking": 3,
      "dont_want_to_ask": 1
    }
  },
  "health_inquire": {
    "precision": 0.8909090909090909,
    "recall": 0.9423076923076923,
    "f1-score": 0.9158878504672897,
    "support": 52,
    "confused_with": {
      "cpplus_why_asking": 2,
      "cpplus_example_asking": 1
    }
  },
  "flowchart_asking": {
    "precision": 0.96875,
    "recall": 0.9393939393939394,
    "f1-score": 0.9538461538461539,
    "support": 33,
    "confused_with": {
      "dont_want_to_give_flowchart_quest_num": 1,
      "cpplus_how_asking": 1
    }
  },
  "date": {
    "precision": 1.0,
    "recall": 0.3333333333333333,
    "f1-score": 0.5,
    "support": 3,
    "confused_with": {
      "insult": 1,
      "want_to_ask": 1
    }
  },
  "thanks": {
    "precision": 0.9,
    "recall": 0.6428571428571429,
    "f1-score": 0.75,
    "support": 14,
    "confused_with": {
      "dont_want_to_give_flowchart_quest_num": 1,
      "health_inquire": 1
    }
  },
  "cpplus_how_asking": {
    "precision": 0.9404761904761905,
    "recall": 0.9575757575757575,
    "f1-score": 0.9489489489489489,
    "support": 165,
    "confused_with": {
      "cpplus_what_asking": 2,
      "insult": 2
    }
  },
  "continue_asking": {
    "precision": 0.7272727272727273,
    "recall": 0.6666666666666666,
    "f1-score": 0.6956521739130435,
    "support": 12,
    "confused_with": {
      "cpplus_what_asking": 1,
      "attention": 1
    }
  },
  "cpplus_specific_video_tutorial_asking": {
    "precision": 0.90625,
    "recall": 0.90625,
    "f1-score": 0.90625,
    "support": 32,
    "confused_with": {
      "want_to_watch_cpp_tutorial": 3
    }
  },
  "want_to_ask": {
    "precision": 0.8064516129032258,
    "recall": 0.8928571428571429,
    "f1-score": 0.8474576271186439,
    "support": 28,
    "confused_with": {
      "who_are_you": 1,
      "attention": 1
    }
  },
  "deny": {
    "precision": 0.9473684210526315,
    "recall": 0.9230769230769231,
    "f1-score": 0.935064935064935,
    "support": 39,
    "confused_with": {
      "insult": 2,
      "cpplus_what_asking": 1
    }
  },
  "affirm": {
    "precision": 0.4,
    "recall": 0.2,
    "f1-score": 0.26666666666666666,
    "support": 10,
    "confused_with": {
      "feeling_good": 2,
      "cpplus_what_asking": 2
    }
  },
  "corona": {
    "precision": 0.8823529411764706,
    "recall": 1.0,
    "f1-score": 0.9375,
    "support": 15,
    "confused_with": {}
  },
  "accuracy": 0.8490725126475548,
  "macro avg": {
    "precision": 0.782130151163205,
    "recall": 0.7217247083275264,
    "f1-score": 0.735206228775368,
    "support": 1186
  },
  "weighted avg": {
    "precision": 0.8465020750900771,
    "recall": 0.8490725126475548,
    "f1-score": 0.8410450324478366,
    "support": 1186
  }
}