{
  "CPPLUS_CONTENT": {
    "precision": 0.0,
    "recall": 0.0,
    "f1-score": 0.0,
    "support": 1,
    "confused_with": {
      "cpplus_content": 1
    }
  },
  "flowchart_quest_num": {
    "precision": 0.9166666666666666,
    "recall": 0.868421052631579,
    "f1-score": 0.8918918918918918,
    "support": 38,
    "confused_with": {}
  },
  "cpplus_content": {
    "precision": 0.8101910828025478,
    "recall": 0.7186440677966102,
    "f1-score": 0.7616766467065867,
    "support": 885,
    "confused_with": {
      "flowchart_quest_num": 2
    }
  },
  "micro avg": {
    "precision": 0.8148599269183922,
    "recall": 0.724025974025974,
    "f1-score": 0.7667621776504296,
    "support": 924
  },
  "macro avg": {
    "precision": 0.5756192498230716,
    "recall": 0.5290217068093964,
    "f1-score": 0.5511895128661596,
    "support": 924
  },
  "weighted avg": {
    "precision": 0.8136931186294245,
    "recall": 0.724025974025974,
    "f1-score": 0.7662074937524038,
    "support": 924
  }
}