{
  "cpp_practice": {
    "precision": 0.8,
    "recall": 0.7272727272727273,
    "f1-score": 0.761904761904762,
    "support": 11,
    "confused_with": {
      "want_to_watch_cpp_tutorial": 1,
      "want_to_practice_flowchart": 1
    }
  },
  "want_to_practice_cpp": {
    "precision": 0.8666666666666667,
    "recall": 0.9285714285714286,
    "f1-score": 0.896551724137931,
    "support": 28,
    "confused_with": {
      "want_to_watch_cpp_tutorial": 1,
      "cpp_practice": 1
    }
  },
  "cpplus_why_asking": {
    "precision": 0.9333333333333333,
    "recall": 0.9607843137254902,
    "f1-score": 0.9468599033816426,
    "support": 102,
    "confused_with": {
      "dont_want_to_give_flowchart_quest_num": 1,
      "cpplus_when_asking": 1
    }
  },
  "dont_want_to_ask": {
    "precision": 0.6666666666666666,
    "recall": 0.2857142857142857,
    "f1-score": 0.4,
    "support": 7,
    "confused_with": {
      "stop_asking": 3,
      "out_of_scope": 1
    }
  },
  "corona": {
    "precision": 0.9166666666666666,
    "recall": 0.7333333333333333,
    "f1-score": 0.8148148148148148,
    "support": 15,
    "confused_with": {
      "cpplus_specific_video_tutorial_asking": 1,
      "cpplus_what_asking": 1
    }
  },
  "who_are_you": {
    "precision": 0.7678571428571429,
    "recall": 0.9148936170212766,
    "f1-score": 0.8349514563106796,
    "support": 47,
    "confused_with": {
      "out_of_scope": 1,
      "cpplus_what_asking": 1
    }
  },
  "insult": {
    "precision": 0.7254901960784313,
    "recall": 0.8043478260869565,
    "f1-score": 0.7628865979381443,
    "support": 46,
    "confused_with": {
      "thanks": 3,
      "cpplus_what_asking": 2
    }
  },
  "goodbye": {
    "precision": 0.0,
    "recall": 0.0,
    "f1-score": 0.0,
    "support": 7,
    "confused_with": {
      "want_to_ask": 2,
      "insult": 2,
      "cpplus_how_asking": 1
    }
  },
  "deny": {
    "precision": 0.8125,
    "recall": 0.65,
    "f1-score": 0.7222222222222223,
    "support": 40,
    "confused_with": {
      "compliment": 3,
      "out_of_scope": 2
    }
  },
  "feeling_good": {
    "precision": 0.7857142857142857,
    "recall": 0.5238095238095238,
    "f1-score": 0.6285714285714286,
    "support": 21,
    "confused_with": {
      "health_inquire": 4,
      "compliment": 2
    }
  },
  "feeling_bad": {
    "precision": 0.6666666666666666,
    "recall": 0.5,
    "f1-score": 0.5714285714285715,
    "support": 12,
    "confused_with": {
      "out_of_scope": 2,
      "cpplus_how_asking": 1
    }
  },
  "cpplus_what_asking": {
    "precision": 0.8601036269430051,
    "recall": 0.8601036269430051,
    "f1-score": 0.8601036269430051,
    "support": 193,
    "confused_with": {
      "cpplus_how_asking": 6,
      "out_of_scope": 4
    }
  },
  "stop_asking": {
    "precision": 0.71875,
    "recall": 0.696969696969697,
    "f1-score": 0.7076923076923077,
    "support": 33,
    "confused_with": {
      "greet": 5,
      "goodbye": 2
    }
  },
  "date": {
    "precision": 1.0,
    "recall": 0.3333333333333333,
    "f1-score": 0.5,
    "support": 3,
    "confused_with": {
      "out_of_scope": 1,
      "want_to_ask": 1
    }
  },
  "compliment": {
    "precision": 0.3684210526315789,
    "recall": 0.3333333333333333,
    "f1-score": 0.35,
    "support": 21,
    "confused_with": {
      "greet": 4,
      "cpplus_what_asking": 2
    }
  },
  "affirm": {
    "precision": 0.5,
    "recall": 0.2727272727272727,
    "f1-score": 0.3529411764705882,
    "support": 11,
    "confused_with": {
      "insult": 2,
      "greet": 2
    }
  },
  "thanks": {
    "precision": 0.7857142857142857,
    "recall": 0.7857142857142857,
    "f1-score": 0.7857142857142857,
    "support": 14,
    "confused_with": {
      "who_create_you": 1,
      "feeling_bad": 1
    }
  },
  "flowchart_asking": {
    "precision": 0.9090909090909091,
    "recall": 0.9090909090909091,
    "f1-score": 0.9090909090909091,
    "support": 33,
    "confused_with": {
      "cpplus_how_asking": 1,
      "want_to_practice_flowchart": 1
    }
  },
  "dont_want_to_give_cpp_content": {
    "precision": 0.0,
    "recall": 0.0,
    "f1-score": 0.0,
    "support": 2,
    "confused_with": {
      "dont_want_to_give_flowchart_quest_num": 2
    }
  },
  "want_to_ask": {
    "precision": 0.7419354838709677,
    "recall": 0.8214285714285714,
    "f1-score": 0.7796610169491526,
    "support": 28,
    "confused_with": {
      "who_are_you": 2,
      "continue_asking": 2
    }
  },
  "continue_asking": {
    "precision": 0.5833333333333334,
    "recall": 0.5384615384615384,
    "f1-score": 0.5599999999999999,
    "support": 13,
    "confused_with": {
      "affirm": 1,
      "want_to_ask": 1
    }
  },
  "time": {
    "precision": 0.75,
    "recall": 0.75,
    "f1-score": 0.75,
    "support": 4,
    "confused_with": {
      "health_inquire": 1
    }
  },
  "attention": {
    "precision": 0.42857142857142855,
    "recall": 0.46153846153846156,
    "f1-score": 0.4444444444444445,
    "support": 13,
    "confused_with": {
      "greet": 3,
      "deny": 1
    }
  },
  "cpplus_specific_video_tutorial_asking": {
    "precision": 0.7428571428571429,
    "recall": 0.7878787878787878,
    "f1-score": 0.7647058823529412,
    "support": 33,
    "confused_with": {
      "want_to_watch_cpp_tutorial": 6,
      "want_to_practice_cpp": 1
    }
  },
  "out_of_scope": {
    "precision": 0.4,
    "recall": 0.23809523809523808,
    "f1-score": 0.2985074626865672,
    "support": 42,
    "confused_with": {
      "cpplus_what_asking": 10,
      "greet": 6
    }
  },
  "greet": {
    "precision": 0.4090909090909091,
    "recall": 0.6,
    "f1-score": 0.4864864864864865,
    "support": 30,
    "confused_with": {
      "attention": 4,
      "insult": 4
    }
  },
  "health_inquire": {
    "precision": 0.8703703703703703,
    "recall": 0.9038461538461539,
    "f1-score": 0.8867924528301887,
    "support": 52,
    "confused_with": {
      "who_are_you": 2,
      "want_to_ask": 1
    }
  },
  "want_to_watch_cpp_tutorial": {
    "precision": 0.7291666666666666,
    "recall": 0.8536585365853658,
    "f1-score": 0.7865168539325843,
    "support": 41,
    "confused_with": {
      "cpplus_specific_video_tutorial_asking": 3,
      "want_to_practice_flowchart": 1
    }
  },
  "cpplus_where_asking": {
    "precision": 1.0,
    "recall": 0.6666666666666666,
    "f1-score": 0.8,
    "support": 3,
    "confused_with": {
      "cpplus_how_asking": 1
    }
  },
  "cpplus_when_asking": {
    "precision": 0.6666666666666666,
    "recall": 0.5,
    "f1-score": 0.5714285714285715,
    "support": 4,
    "confused_with": {
      "who_create_you": 1,
      "dont_want_to_give_flowchart_quest_num": 1
    }
  },
  "dont_want_to_give_flowchart_quest_num": {
    "precision": 0.8064516129032258,
    "recall": 0.8620689655172413,
    "f1-score": 0.8333333333333334,
    "support": 29,
    "confused_with": {
      "cpplus_why_asking": 2,
      "cpplus_what_asking": 1
    }
  },
  "cpplus_how_asking": {
    "precision": 0.9081632653061225,
    "recall": 0.9621621621621622,
    "f1-score": 0.9343832020997376,
    "support": 185,
    "confused_with": {
      "cpplus_what_asking": 6,
      "out_of_scope": 1
    }
  },
  "want_to_practice_flowchart": {
    "precision": 0.8333333333333334,
    "recall": 0.8928571428571429,
    "f1-score": 0.8620689655172413,
    "support": 28,
    "confused_with": {
      "cpplus_how_asking": 2,
      "cpplus_what_asking": 1
    }
  },
  "cpplus_example_asking": {
    "precision": 0.9482758620689655,
    "recall": 0.9821428571428571,
    "f1-score": 0.9649122807017544,
    "support": 56,
    "confused_with": {
      "cpplus_specific_video_tutorial_asking": 1
    }
  },
  "who_create_you": {
    "precision": 0.8421052631578947,
    "recall": 0.7619047619047619,
    "f1-score": 0.8,
    "support": 21,
    "confused_with": {
      "want_to_watch_cpp_tutorial": 2,
      "who_are_you": 1
    }
  },
  "accuracy": 0.8037459283387622,