{
  "flowchart_quest_num": {
    "precision": 1.0,
    "recall": 0.825,
    "f1-score": 0.9041095890410958,
    "support": 40,
    "confused_with": {}
  },
  "cpplus_content": {
    "precision": 0.950517836593786,
    "recall": 0.8881720430107527,
    "f1-score": 0.9182879377431906,
    "support": 930,
    "confused_with": {}
  },
  "CPPLUS_CONTENT": {
    "precision": 1.0,
    "recall": 1.0,
    "f1-score": 1.0,
    "support": 1,
    "confused_with": {}
  },
  "micro avg": {
    "precision": 0.9523809523809523,
    "recall": 0.8856848609680742,
    "f1-score": 0.9178228388473852,
    "support": 971
  },
  "macro avg": {
    "precision": 0.9835059455312619,
    "recall": 0.9043906810035841,
    "f1-score": 0.9407991755947621,
    "support": 971
  },
  "weighted avg": {
    "precision": 0.9526071967376117,
    "recall": 0.8856848609680742,
    "f1-score": 0.9177880181903307,
    "support": 971
  }
}