{
  "cpp_practice": {
    "precision": 0.8333333333333334,
    "recall": 0.9090909090909091,
    "f1-score": 0.8695652173913043,
    "support": 11,
    "confused_with": {
      "want_to_practice_cpp": 1
    }
  },
  "want_to_practice_cpp": {
    "precision": 0.8275862068965517,
    "recall": 0.8571428571428571,
    "f1-score": 0.8421052631578947,
    "support": 28,
    "confused_with": {
      "dont_want_to_give_flowchart_quest_num": 1,
      "cpplus_what_asking": 1
    }
  },
  "cpplus_why_asking": {
    "precision": 0.9252336448598131,
    "recall": 0.9705882352941176,
    "f1-score": 0.9473684210526315,
    "support": 102,
    "confused_with": {
      "dont_want_to_give_flowchart_quest_num": 2,
      "cpplus_what_asking": 1
    }
  },
  "dont_want_to_ask": {
    "precision": 1.0,
    "recall": 0.7142857142857143,
    "f1-score": 0.8333333333333333,
    "support": 7,
    "confused_with": {
      "health_inquire": 1,
      "dont_want_to_give_flowchart_quest_num": 1
    }
  },
  "corona": {
    "precision": 1.0,
    "recall": 0.8666666666666667,
    "f1-score": 0.9285714285714286,
    "support": 15,
    "confused_with": {
      "cpplus_what_asking": 1,
      "compliment": 1
    }
  },
  "who_are_you": {
    "precision": 0.7692307692307693,
    "recall": 0.851063829787234,
    "f1-score": 0.8080808080808081,
    "support": 47,
    "confused_with": {
      "cpplus_what_asking": 5,
      "deny": 1
    }
  },
  "insult": {
    "precision": 0.8604651162790697,
    "recall": 0.8043478260869565,
    "f1-score": 0.8314606741573034,
    "support": 46,
    "confused_with": {
      "out_of_scope": 2,
      "cpplus_what_asking": 2
    }
  },
  "goodbye": {
    "precision": 0.6666666666666666,
    "recall": 0.5714285714285714,
    "f1-score": 0.6153846153846153,
    "support": 7,
    "confused_with": {
      "out_of_scope": 1,
      "want_to_ask": 1
    }
  },
  "deny": {
    "precision": 0.9705882352941176,
    "recall": 0.825,
    "f1-score": 0.8918918918918919,
    "support": 40,
    "confused_with": {
      "out_of_scope": 2,
      "compliment": 1
    }
  },
  "feeling_good": {
    "precision": 0.9285714285714286,
    "recall": 0.6190476190476191,
    "f1-score": 0.742857142857143,
    "support": 21,
    "confused_with": {
      "want_to_ask": 2,
      "out_of_scope": 2
    }
  },
  "feeling_bad": {
    "precision": 1.0,
    "recall": 0.5833333333333334,
    "f1-score": 0.7368421052631579,
    "support": 12,
    "confused_with": {
      "out_of_scope": 2,
      "attention": 2
    }
  },
  "cpplus_what_asking": {
    "precision": 0.8246445497630331,
    "recall": 0.9015544041450777,
    "f1-score": 0.8613861386138614,
    "support": 193,
    "confused_with": {
      "who_are_you": 5,
      "out_of_scope": 3
    }
  },
  "stop_asking": {
    "precision": 0.8787878787878788,
    "recall": 0.8787878787878788,
    "f1-score": 0.8787878787878788,
    "support": 33,
    "confused_with": {
      "attention": 1,
      "thanks": 1
    }
  },
  "date": {
    "precision": 1.0,
    "recall": 1.0,
    "f1-score": 1.0,
    "support": 3,
    "confused_with": {}
  },
  "compliment": {
    "precision": 0.6086956521739131,
    "recall": 0.6666666666666666,
    "f1-score": 0.6363636363636365,
    "support": 21,
    "confused_with": {
      "cpplus_how_asking": 2,
      "dont_want_to_give_flowchart_quest_num": 1
    }
  },
  "affirm": {
    "precision": 0.7,
    "recall": 0.6363636363636364,
    "f1-score": 0.6666666666666666,
    "support": 11,
    "confused_with": {
      "compliment": 1,
      "want_to_ask": 1
    }
  },
  "thanks": {
    "precision": 0.75,
    "recall": 0.8571428571428571,
    "f1-score": 0.7999999999999999,
    "support": 14,
    "confused_with": {
      "want_to_ask": 1,
      "greet": 1
    }
  },
  "flowchart_asking": {
    "precision": 1.0,
    "recall": 0.9393939393939394,
    "f1-score": 0.96875,
    "support": 33,
    "confused_with": {
      "cpplus_specific_video_tutorial_asking": 1,
      "cpplus_how_asking": 1
    }
  },
  "dont_want_to_give_cpp_content": {
    "precision": 0.0,
    "recall": 0.0,
    "f1-score": 0.0,
    "support": 2,
    "confused_with": {
      "dont_want_to_give_flowchart_quest_num": 1,
      "want_to_watch_cpp_tutorial": 1
    }
  },
  "want_to_ask": {
    "precision": 0.7428571428571429,
    "recall": 0.9285714285714286,
    "f1-score": 0.8253968253968255,
    "support": 28,
    "confused_with": {
      "out_of_scope": 2
    }
  },
  "continue_asking": {
    "precision": 0.8888888888888888,
    "recall": 0.6153846153846154,
    "f1-score": 0.7272727272727274,
    "support": 13,
    "confused_with": {
      "want_to_ask": 3,
      "dont_want_to_give_flowchart_quest_num": 1
    }
  },
  "time": {
    "precision": 0.6666666666666666,
    "recall": 0.5,
    "f1-score": 0.5714285714285715,
    "support": 4,
    "confused_with": {
      "out_of_scope": 1,
      "who_are_you": 1
    }
  },
  "attention": {
    "precision": 0.6,
    "recall": 0.46153846153846156,
    "f1-score": 0.5217391304347826,
    "support": 13,
    "confused_with": {
      "insult": 2,
      "cpplus_example_asking": 1
    }
  },
  "cpplus_specific_video_tutorial_asking": {
    "precision": 0.8461538461538461,
    "recall": 0.6666666666666666,
    "f1-score": 0.7457627118644068,
    "support": 33,
    "confused_with": {
      "want_to_watch_cpp_tutorial": 5,
      "cpplus_what_asking": 5
    }
  },
  "out_of_scope": {
    "precision": 0.4358974358974359,
    "recall": 0.40476190476190477,
    "f1-score": 0.4197530864197531,
    "support": 42,
    "confused_with": {
      "cpplus_what_asking": 7,
      "cpplus_how_asking": 5
    }
  },
  "greet": {
    "precision": 0.76,
    "recall": 0.6333333333333333,
    "f1-score": 0.6909090909090909,
    "support": 30,
    "confused_with": {
      "out_of_scope": 3,
      "compliment": 2
    }
  },
  "health_inquire": {
    "precision": 0.9107142857142857,
    "recall": 0.9807692307692307,
    "f1-score": 0.9444444444444444,
    "support": 52,
    "confused_with": {
      "cpplus_what_asking": 1
    }
  },
  "want_to_watch_cpp_tutorial": {
    "precision": 0.7916666666666666,
    "recall": 0.926829268292683,
    "f1-score": 0.8539325842696629,
    "support": 41,
    "confused_with": {
      "cpplus_specific_video_tutorial_asking": 2,
      "want_to_practice_cpp": 1
    }
  },
  "cpplus_where_asking": {
    "precision": 0.75,
    "recall": 1.0,
    "f1-score": 0.8571428571428571,
    "support": 3,
    "confused_with": {}
  },
  "cpplus_when_asking": {
    "precision": 1.0,
    "recall": 1.0,
    "f1-score": 1.0,
    "support": 4,
    "confused_with": {}
  },
  "dont_want_to_give_flowchart_quest_num": {
    "precision": 0.7027027027027027,
    "recall": 0.896551724137931,
    "f1-score": 0.787878787878788,
    "support": 29,
    "confused_with": {
      "thanks": 1,
      "cpplus_why_asking": 1
    }
  },
  "cpplus_how_asking": {
    "precision": 0.9505494505494505,
    "recall": 0.9351351351351351,
    "f1-score": 0.9427792915531334,
    "support": 185,
    "confused_with": {
      "cpplus_what_asking": 6,
      "cpplus_why_asking": 3
    }
  },
  "want_to_practice_flowchart": {
    "precision": 0.9615384615384616,
    "recall": 0.8928571428571429,
    "f1-score": 0.9259259259259259,
    "support": 28,
    "confused_with": {
      "want_to_watch_cpp_tutorial": 1,
      "cpplus_why_asking": 1
    }
  },
  "cpplus_example_asking": {
    "precision": 0.9298245614035088,
    "recall": 0.9464285714285714,
    "f1-score": 0.9380530973451328,
    "support": 56,
    "confused_with": {
      "cpplus_what_asking": 3
    }
  },
  "who_create_you": {
    "precision": 0.8888888888888888,
    "recall": 0.7619047619047619,
    "f1-score": 0.8205128205128205,
    "support": 21,
    "confused_with": {
      "cpplus_what_asking": 2,
      "out_of_scope": 1
    }
  },
  "accuracy": 0.8501628664495114,
  "macro avg": {
    "precision": 0.8105757851367006,
    "recall": 0.7715039196984543,
    "f1-score": 0.7837813478392137,