{
  "cpp_practice": {
    "precision": 0.9166666666666666,
    "recall": 1.0,
    "f1-score": 0.9565217391304348,
    "support": 11,
    "confused_with": {}
  },
  "want_to_practice_cpp": {
    "precision": 0.9259259259259259,
    "recall": 0.8928571428571429,
    "f1-score": 0.9090909090909091,
    "support": 28,
    "confused_with": {
      "want_to_watch_cpp_tutorial": 3
    }
  },
  "cpplus_why_asking": {
    "precision": 0.9428571428571428,
    "recall": 0.9705882352941176,
    "f1-score": 0.9565217391304348,
    "support": 102,
    "confused_with": {
      "dont_want_to_give_flowchart_quest_num": 1,
      "out_of_scope": 1
    }
  },
  "dont_want_to_ask": {
    "precision": 0.7142857142857143,
    "recall": 0.7142857142857143,
    "f1-score": 0.7142857142857143,
    "support": 7,
    "confused_with": {
      "feeling_good": 1,
      "who_create_you": 1
    }
  },
  "corona": {
    "precision": 0.9090909090909091,
    "recall": 0.6666666666666666,
    "f1-score": 0.7692307692307692,
    "support": 15,
    "confused_with": {
      "cpplus_how_asking": 1,
      "cpplus_what_asking": 1
    }
  },
  "who_are_you": {
    "precision": 0.8297872340425532,
    "recall": 0.8297872340425532,
    "f1-score": 0.8297872340425532,
    "support": 47,
    "confused_with": {
      "cpplus_what_asking": 5,
      "deny": 1
    }
  },
  "insult": {
    "precision": 0.7843137254901961,
    "recall": 0.8695652173913043,
    "f1-score": 0.8247422680412372,
    "support": 46,
    "confused_with": {
      "affirm": 2,
      "feeling_bad": 1
    }
  },
  "goodbye": {
    "precision": 0.8,
    "recall": 0.5714285714285714,
    "f1-score": 0.6666666666666666,
    "support": 7,
    "confused_with": {
      "greet": 2,
      "out_of_scope": 1
    }
  },
  "deny": {
    "precision": 0.7333333333333333,
    "recall": 0.825,
    "f1-score": 0.776470588235294,
    "support": 40,
    "confused_with": {
      "insult": 2,
      "stop_asking": 1
    }
  },
  "feeling_good": {
    "precision": 0.7619047619047619,
    "recall": 0.7619047619047619,
    "f1-score": 0.7619047619047619,
    "support": 21,
    "confused_with": {
      "feeling_bad": 2,
      "out_of_scope": 1
    }
  },
  "feeling_bad": {
    "precision": 0.5714285714285714,
    "recall": 0.6666666666666666,
    "f1-score": 0.6153846153846153,
    "support": 12,
    "confused_with": {
      "out_of_scope": 2,
      "stop_asking": 1
    }
  },
  "cpplus_what_asking": {
    "precision": 0.8786407766990292,
    "recall": 0.9378238341968912,
    "f1-score": 0.9072681704260651,
    "support": 193,
    "confused_with": {
      "who_are_you": 2,
      "out_of_scope": 2
    }
  },
  "stop_asking": {
    "precision": 0.78125,
    "recall": 0.7575757575757576,
    "f1-score": 0.7692307692307692,
    "support": 33,
    "confused_with": {
      "insult": 1,
      "thanks": 1
    }
  },
  "date": {
    "precision": 0.5,
    "recall": 0.3333333333333333,
    "f1-score": 0.4,
    "support": 3,
    "confused_with": {
      "want_to_ask": 2
    }
  },
  "compliment": {
    "precision": 0.5,
    "recall": 0.42857142857142855,
    "f1-score": 0.4615384615384615,
    "support": 21,
    "confused_with": {
      "insult": 3,
      "feeling_bad": 3
    }
  },
  "affirm": {
    "precision": 0.3333333333333333,
    "recall": 0.18181818181818182,
    "f1-score": 0.23529411764705885,
    "support": 11,
    "confused_with": {
      "thanks": 2,
      "deny": 2
    }
  },
  "thanks": {
    "precision": 0.7058823529411765,
    "recall": 0.8571428571428571,
    "f1-score": 0.7741935483870968,
    "support": 14,
    "confused_with": {
      "deny": 1,
      "insult": 1
    }
  },
  "flowchart_asking": {
    "precision": 0.96875,
    "recall": 0.9393939393939394,
    "f1-score": 0.9538461538461539,
    "support": 33,
    "confused_with": {
      "cpplus_specific_video_tutorial_asking": 1,
      "cpplus_how_asking": 1
    }
  },
  "dont_want_to_give_cpp_content": {
    "precision": 0.0,
    "recall": 0.0,
    "f1-score": 0.0,
    "support": 2,
    "confused_with": {
      "dont_want_to_give_flowchart_quest_num": 2
    }
  },
  "want_to_ask": {
    "precision": 0.8214285714285714,
    "recall": 0.8214285714285714,
    "f1-score": 0.8214285714285714,
    "support": 28,
    "confused_with": {
      "greet": 2,
      "want_to_watch_cpp_tutorial": 1
    }
  },
  "continue_asking": {
    "precision": 0.8,
    "recall": 0.6153846153846154,
    "f1-score": 0.6956521739130435,
    "support": 13,
    "confused_with": {
      "want_to_ask": 3,
      "affirm": 1
    }
  },
  "time": {
    "precision": 0.0,
    "recall": 0.0,
    "f1-score": 0.0,
    "support": 4,
    "confused_with": {
      "out_of_scope": 4
    }
  },
  "attention": {
    "precision": 0.625,
    "recall": 0.38461538461538464,
    "f1-score": 0.4761904761904762,
    "support": 13,
    "confused_with": {
      "greet": 2,
      "insult": 1
    }
  },
  "cpplus_specific_video_tutorial_asking": {
    "precision": 0.7741935483870968,
    "recall": 0.7272727272727273,
    "f1-score": 0.7500000000000001,
    "support": 33,
    "confused_with": {
      "want_to_watch_cpp_tutorial": 6,
      "who_create_you": 1
    }
  },
  "out_of_scope": {
    "precision": 0.5121951219512195,
    "recall": 0.5,
    "f1-score": 0.5060240963855421,
    "support": 42,
    "confused_with": {
      "cpplus_what_asking": 6,
      "compliment": 4
    }
  },
  "greet": {
    "precision": 0.6875,
    "recall": 0.7333333333333333,
    "f1-score": 0.7096774193548386,
    "support": 30,
    "confused_with": {
      "cpplus_what_asking": 2,
      "insult": 1
    }
  },
  "health_inquire": {
    "precision": 0.98,
    "recall": 0.9423076923076923,
    "f1-score": 0.9607843137254902,
    "support": 52,
    "confused_with": {
      "out_of_scope": 2,
      "stop_asking": 1
    }
  },
  "want_to_watch_cpp_tutorial": {
    "precision": 0.7450980392156863,
    "recall": 0.926829268292683,
    "f1-score": 0.8260869565217392,
    "support": 41,
    "confused_with": {
      "cpplus_how_asking": 1,
      "cpplus_specific_video_tutorial_asking": 1
    }
  },
  "cpplus_where_asking": {
    "precision": 1.0,
    "recall": 0.6666666666666666,
    "f1-score": 0.8,
    "support": 3,
    "confused_with": {
      "dont_want_to_give_flowchart_quest_num": 1
    }
  },
  "cpplus_when_asking": {
    "precision": 1.0,
    "recall": 1.0,
    "f1-score": 1.0,
    "support": 4,
    "confused_with": {}
  },
  "dont_want_to_give_flowchart_quest_num": {
    "precision": 0.8620689655172413,
    "recall": 0.8620689655172413,
    "f1-score": 0.8620689655172413,
    "support": 29,
    "confused_with": {
      "feeling_good": 1,
      "cpplus_why_asking": 1
    }
  },
  "cpplus_how_asking": {
    "precision": 0.9562841530054644,
    "recall": 0.9459459459459459,
    "f1-score": 0.951086956521739,
    "support": 185,
    "confused_with": {
      "cpplus_what_asking": 4,
      "deny": 2
    }
  },
  "want_to_practice_flowchart": {
    "precision": 1.0,
    "recall": 0.8928571428571429,
    "f1-score": 0.9433962264150945,
    "support": 28,
    "confused_with": {
      "cpplus_specific_video_tutorial_asking": 2,
      "cpplus_why_asking": 1
    }
  },
  "cpplus_example_asking": {
    "precision": 0.9814814814814815,
    "recall": 0.9464285714285714,
    "f1-score": 0.9636363636363636,
    "support": 56,
    "confused_with": {
      "cpplus_what_asking": 2,
      "cpplus_specific_video_tutorial_asking": 1
    }
  },
  "who_create_you": {
    "precision": 0.7727272727272727,
    "recall": 0.8095238095238095,
    "f1-score": 0.7906976744186046,
    "support": 21,
    "confused_with": {
      "cpplus_what_asking": 2,
      "out_of_scope": 1
    }
  },
  "accuracy": 0.8485342019543974,
  "macro avg": {
    "precision": 0.7450122171918099,
    "recall": 0.7136877782041221,
    "f1-score": 0.723963097721364,
    "support": 1228
  },
  "weighted avg": {
    "precision": 0.843147438406879,
    "recall": 0.8485342019543974,
    "f1-score": 0.8437327922449693,