{
  "flowchart_quest_num": {
    "precision": 0.9473684210526315,
    "recall": 0.9,
    "f1-score": 0.9230769230769231,
    "support": 40,
    "confused_with": {}
  },
  "cpplus_content": {
    "precision": 0.9417596034696406,
    "recall": 0.8172043010752689,
    "f1-score": 0.8750719631548647,
    "support": 930,
    "confused_with": {
      "flowchart_quest_num": 1
    }
  },
  "CPPLUS_CONTENT": {
    "precision": 0.0,
    "recall": 0.0,
    "f1-score": 0.0,
    "support": 1,
    "confused_with": {
      "cpplus_content": 1
    }
  },
  "micro avg": {
    "precision": 0.9420118343195266,
    "recall": 0.819773429454171,
    "f1-score": 0.8766519823788546,
    "support": 971
  },
  "macro avg": {
    "precision": 0.6297093415074241,
    "recall": 0.5724014336917563,
    "f1-score": 0.5993829620772626,
    "support": 971
  },
  "weighted avg": {
    "precision": 0.9410207704107838,
    "recall": 0.819773429454171,
    "f1-score": 0.8761483034573646,
    "support": 971
  }
}