{
  "cpplus_content": {
    "precision": 0.0,
    "recall": 0.0,
    "f1-score": 0.0,
    "support": 2845,
    "confused_with": {}
  },
  "CPPLUS_CONTENT": {
    "precision": 0.0,
    "recall": 0.0,
    "f1-score": 0.0,
    "support": 4,
    "confused_with": {}
  },
  "flowchart_quest_num": {
    "precision": 0.5833333333333334,
    "recall": 0.06862745098039216,
    "f1-score": 0.12280701754385966,
    "support": 102,
    "confused_with": {}
  },
  "micro avg": {
    "precision": 0.5833333333333334,
    "recall": 0.0023720772619451034,
    "f1-score": 0.004724940938238272,
    "support": 2951
  },
  "macro avg": {
    "precision": 0.19444444444444445,
    "recall": 0.022875816993464054,
    "f1-score": 0.04093567251461989,
    "support": 2951
  },
  "weighted avg": {
    "precision": 0.02016265672653338,
    "recall": 0.002372077261945104,
    "f1-score": 0.004244769837164922,
    "support": 2951
  }
}