{
  "cpplus_content": {
    "precision": 0.973847212663455,
    "recall": 0.9490274983232729,
    "f1-score": 0.9612771739130435,
    "support": 1491,
    "confused_with": {}
  },
  "flowchart_quest_num": {
    "precision": 1.0,
    "recall": 1.0,
    "f1-score": 1.0,
    "support": 4,
    "confused_with": {}
  },
  "micro avg": {
    "precision": 0.9739190116678106,
    "recall": 0.9491638795986622,
    "f1-score": 0.9613821138211383,
    "support": 1495
  },
  "macro avg": {
    "precision": 0.9869236063317275,
    "recall": 0.9745137491616365,
    "f1-score": 0.9806385869565217,
    "support": 1495
  },
  "weighted avg": {
    "precision": 0.9739171866763955,
    "recall": 0.9491638795986622,
    "f1-score": 0.9613807801366875,
    "support": 1495
  }
}