{
  "cpplus_content": {
    "precision": 0.9726315789473684,
    "recall": 0.9345920431557654,
    "f1-score": 0.953232462173315,
    "support": 1483,
    "confused_with": {}
  },
  "flowchart_quest_num": {
    "precision": 0.0,
    "recall": 0.0,
    "f1-score": 0.0,
    "support": 4,
    "confused_with": {}
  },
  "micro avg": {
    "precision": 0.9726315789473684,
    "recall": 0.9320780094149294,
    "f1-score": 0.951923076923077,
    "support": 1487
  },
  "macro avg": {
    "precision": 0.4863157894736842,
    "recall": 0.4672960215778827,
    "f1-score": 0.4766162310866575,
    "support": 1487
  },
  "weighted avg": {
    "precision": 0.970015219622695,
    "recall": 0.9320780094149294,
    "f1-score": 0.9506682860813895,
    "support": 1487
  }
}