{
  "flowchart_quest_num": {
    "precision": 0.9772727272727273,
    "recall": 0.8431372549019608,
    "f1-score": 0.9052631578947369,
    "support": 51,
    "confused_with": {}
  },
  "cpplus_content": {
    "precision": 0.9650507328072153,
    "recall": 0.9155080213903743,
    "f1-score": 0.9396267837541163,
    "support": 935,
    "confused_with": {}
  },
  "CPPLUS_CONTENT": {
    "precision": 1.0,
    "recall": 0.5,
    "f1-score": 0.6666666666666666,
    "support": 2,
    "confused_with": {
      "cpplus_content": 1
    }
  },
  "micro avg": {
    "precision": 0.9656652360515021,
    "recall": 0.9109311740890689,
    "f1-score": 0.9375,
    "support": 988
  },
  "macro avg": {
    "precision": 0.9807744866933142,
    "recall": 0.7528817587641118,
    "f1-score": 0.8371855361051733,
    "support": 988
  },
  "weighted avg": {
    "precision": 0.9657523727385177,
    "recall": 0.9109311740890689,
    "f1-score": 0.9373004020203075,
    "support": 988
  }
}