{
  "flowchart_quest_num": {
    "precision": 0.9333333333333333,
    "recall": 0.9767441860465116,
    "f1-score": 0.9545454545454545,
    "support": 43,
    "confused_with": {}
  },
  "cpplus_content": {
    "precision": 0.9434229137199435,
    "recall": 0.7402885682574917,
    "f1-score": 0.8296019900497512,
    "support": 901,
    "confused_with": {
      "CPPLUS_CONTENT": 1
    }
  },
  "CPPLUS_CONTENT": {
    "precision": 0.0,
    "recall": 0.0,
    "f1-score": 0.0,
    "support": 1,
    "confused_with": {
      "cpplus_content": 1
    }
  },
  "micro avg": {
    "precision": 0.9415670650730412,
    "recall": 0.7502645502645503,
    "f1-score": 0.8351001177856302,
    "support": 945
  },
  "macro avg": {
    "precision": 0.6255854156844256,
    "recall": 0.5723442514346678,
    "f1-score": 0.5947158148650685,
    "support": 945
  },
  "weighted avg": {
    "precision": 0.9419654799947115,
    "recall": 0.7502645502645503,
    "f1-score": 0.8344093625188151,
    "support": 945
  }
}