{
  "cpplus_why_asking": {
    "precision": 0.8653846153846154,
    "recall": 0.8823529411764706,
    "f1-score": 0.8737864077669903,
    "support": 102,
    "confused_with": {
      "cpplus_how_asking": 5,
      "cpplus_what_asking": 4
    }
  },
  "stop_asking": {
    "precision": 0.9411764705882353,
    "recall": 0.5161290322580645,
    "f1-score": 0.6666666666666666,
    "support": 31,
    "confused_with": {
      "out_of_scope": 3,
      "cpplus_how_asking": 2
    }
  },
  "goodbye": {
    "precision": 1.0,
    "recall": 0.14285714285714285,
    "f1-score": 0.25,
    "support": 7,
    "confused_with": {
      "feeling_bad": 2,
      "who_create_you": 1,
      "want_to_ask": 1
    }
  },
  "want_to_practice_flowchart": {
    "precision": 0.8928571428571429,
    "recall": 0.8928571428571429,
    "f1-score": 0.8928571428571429,
    "support": 28,
    "confused_with": {
      "cpplus_how_asking": 1,
      "cpplus_specific_video_tutorial_asking": 1
    }
  },
  "dont_want_to_give_cpp_content": {
    "precision": 0.0,
    "recall": 0.0,
    "f1-score": 0.0,
    "support": 2,
    "confused_with": {
      "dont_want_to_give_flowchart_quest_num": 1,
      "cpplus_why_asking": 1
    }
  },
  "who_are_you": {
    "precision": 0.8717948717948718,
    "recall": 0.7391304347826086,
    "f1-score": 0.7999999999999999,
    "support": 46,
    "confused_with": {
      "cpplus_what_asking": 4,
      "who_create_you": 2
    }
  },
  "dont_want_to_ask": {
    "precision": 0.45454545454545453,
    "recall": 0.7142857142857143,
    "f1-score": 0.5555555555555556,
    "support": 7,
    "confused_with": {
      "out_of_scope": 1,
      "health_inquire": 1
    }
  },
  "want_to_practice_cpp": {
    "precision": 0.9565217391304348,
    "recall": 0.7857142857142857,
    "f1-score": 0.8627450980392156,
    "support": 28,
    "confused_with": {
      "cpp_practice": 4,
      "cpplus_how_asking": 1
    }
  },
  "insult": {
    "precision": 0.825,
    "recall": 0.7333333333333333,
    "f1-score": 0.776470588235294,
    "support": 45,
    "confused_with": {
      "out_of_scope": 3,
      "cpplus_what_asking": 3
    }
  },
  "out_of_scope": {
    "precision": 0.36363636363636365,
    "recall": 0.47058823529411764,
    "f1-score": 0.41025641025641024,
    "support": 34,
    "confused_with": {
      "cpplus_what_asking": 7,
      "cpplus_how_asking": 5
    }
  },
  "compliment": {
    "precision": 0.55,
    "recall": 0.55,
    "f1-score": 0.55,
    "support": 20,
    "confused_with": {
      "greet": 2,
      "affirm": 1
    }
  },
  "time": {
    "precision": 0.5,
    "recall": 0.25,
    "f1-score": 0.3333333333333333,
    "support": 4,
    "confused_with": {
      "health_inquire": 2,
      "out_of_scope": 1
    }
  },
  "who_create_you": {
    "precision": 0.7272727272727273,
    "recall": 0.8,
    "f1-score": 0.761904761904762,
    "support": 20,
    "confused_with": {
      "continue_asking": 1,
      "cpplus_how_asking": 1
    }
  },
  "cpp_practice": {
    "precision": 0.7333333333333333,
    "recall": 0.9166666666666666,
    "f1-score": 0.8148148148148148,
    "support": 12,
    "confused_with": {
      "cpplus_what_asking": 1
    }
  },
  "feeling_good": {
    "precision": 0.75,
    "recall": 0.42857142857142855,
    "f1-score": 0.5454545454545454,
    "support": 21,
    "confused_with": {
      "thanks": 3,
      "compliment": 2
    }
  },
  "cpplus_where_asking": {
    "precision": 1.0,
    "recall": 0.6666666666666666,
    "f1-score": 0.8,
    "support": 3,
    "confused_with": {
      "cpplus_how_asking": 1
    }
  },
  "attention": {
    "precision": 0.4,
    "recall": 0.46153846153846156,
    "f1-score": 0.42857142857142855,
    "support": 13,
    "confused_with": {
      "greet": 2,
      "insult": 2
    }
  },
  "cpplus_when_asking": {
    "precision": 0.75,
    "recall": 0.75,
    "f1-score": 0.75,
    "support": 4,
    "confused_with": {
      "cpplus_how_asking": 1
    }
  },
  "feeling_bad": {
    "precision": 0.2857142857142857,
    "recall": 0.2,
    "f1-score": 0.23529411764705882,
    "support": 10,
    "confused_with": {
      "compliment": 2,
      "greet": 2
    }
  },
  "greet": {
    "precision": 0.4857142857142857,
    "recall": 0.5666666666666667,
    "f1-score": 0.523076923076923,
    "support": 30,
    "confused_with": {
      "attention": 7,
      "cpplus_what_asking": 2
    }
  },
  "cpplus_example_asking": {
    "precision": 0.8181818181818182,
    "recall": 0.9818181818181818,
    "f1-score": 0.8925619834710744,
    "support": 55,
    "confused_with": {
      "greet": 1
    }
  },
  "want_to_watch_cpp_tutorial": {
    "precision": 0.8484848484848485,
    "recall": 0.7,
    "f1-score": 0.7671232876712328,
    "support": 40,
    "confused_with": {
      "cpplus_specific_video_tutorial_asking": 6,
      "out_of_scope": 2
    }
  },
  "cpplus_what_asking": {
    "precision": 0.8088235294117647,
    "recall": 0.859375,
    "f1-score": 0.8333333333333333,
    "support": 192,
    "confused_with": {
      "cpplus_how_asking": 8,
      "cpplus_example_asking": 7
    }
  },
  "dont_want_to_give_flowchart_quest_num": {
    "precision": 0.875,
    "recall": 0.7241379310344828,
    "f1-score": 0.7924528301886793,
    "support": 29,
    "confused_with": {
      "cpplus_why_asking": 6,
      "out_of_scope": 1
    }
  },
  "health_inquire": {
    "precision": 0.7419354838709677,
    "recall": 0.8846153846153846,
    "f1-score": 0.8070175438596492,
    "support": 52,
    "confused_with": {
      "cpplus_why_asking": 2,
      "cpplus_what_asking": 2
    }
  },
  "flowchart_asking": {
    "precision": 1.0,
    "recall": 0.696969696969697,
    "f1-score": 0.8214285714285715,
    "support": 33,
    "confused_with": {
      "cpplus_how_asking": 5,
      "out_of_scope": 2
    }
  },
  "date": {
    "precision": 0.0,
    "recall": 0.0,
    "f1-score": 0.0,
    "support": 3,
    "confused_with": {
      "out_of_scope": 1,
      "greet": 1,
      "cpplus_what_asking": 1
    }
  },
  "thanks": {
    "precision": 0.8,
    "recall": 0.8571428571428571,
    "f1-score": 0.8275862068965518,
    "support": 14,
    "confused_with": {
      "feeling_good": 1,
      "greet": 1
    }
  },
  "cpplus_how_asking": {
    "precision": 0.8020833333333334,
    "recall": 0.9333333333333333,
    "f1-score": 0.8627450980392157,
    "support": 165,
    "confused_with": {
      "cpplus_what_asking": 6,
      "cpplus_example_asking": 2
    }
  },
  "continue_asking": {
    "precision": 0.6923076923076923,
    "recall": 0.75,
    "f1-score": 0.7199999999999999,
    "support": 12,
    "confused_with": {
      "health_inquire": 1,
      "want_to_ask": 1
    }
  },
  "cpplus_specific_video_tutorial_asking": {
    "precision": 0.78125,
    "recall": 0.78125,
    "f1-score": 0.78125,
    "support": 32,
    "confused_with": {
      "want_to_watch_cpp_tutorial": 4,
      "cpplus_how_asking": 1
    }
  },
  "want_to_ask": {
    "precision": 0.8888888888888888,
    "recall": 0.8571428571428571,
    "f1-score": 0.8727272727272727,
    "support": 28,
    "confused_with": {
      "dont_want_to_give_flowchart_quest_num": 1,
      "health_inquire": 1
    }
  },
  "deny": {
    "precision": 0.8787878787878788,
    "recall": 0.7435897435897436,
    "f1-score": 0.8055555555555556,
    "support": 39,
    "confused_with": {
      "affirm": 2,
      "out_of_scope": 2
    }
  },
  "affirm": {
    "precision": 0.42857142857142855,
    "recall": 0.3,
    "f1-score": 0.3529411764705882,
    "support": 10,
    "confused_with": {
      "out_of_scope": 2,
      "insult": 1
    }
  },
  "corona": {
    "precision": 0.9285714285714286,
    "recall": 0.8666666666666667,
    "f1-score": 0.896551724137931,
    "support": 15,
    "confused_with": {
      "cpplus_what_asking": 2
    }
  },
  "accuracy": 0.7807757166947723,
  "macro avg": {
    "precision": 0.7041667891537656,
    "recall": 0.6400971372851993,
    "f1-score": 0.6532589250845656,
    "support": 1186
  },
  "weighted avg": {
    "precision": 0.7884838580155987,