{
  "flowchart_quest_num": {
    "precision": 1.0,
    "recall": 1.0,
    "f1-score": 1.0,
    "support": 4,
    "confused_with": {}
  },
  "cpplus_content": {
    "precision": 0.9783368273934312,
    "recall": 0.9421265141318977,
    "f1-score": 0.9598902982516284,
    "support": 1486,
    "confused_with": {}
  },
  "micro avg": {
    "precision": 0.978397212543554,
    "recall": 0.9422818791946309,
    "f1-score": 0.9600000000000001,
    "support": 1490
  },
  "macro avg": {
    "precision": 0.9891684136967156,
    "recall": 0.9710632570659489,
    "f1-score": 0.9799451491258142,
    "support": 1490
  },
  "weighted avg": {
    "precision": 0.9783949835615025,
    "recall": 0.9422818791946309,
    "f1-score": 0.9599979753033019,
    "support": 1490
  }
}