{
  "CPPLUS_CONTENT": {
    "precision": 0.0,
    "recall": 0.0,
    "f1-score": 0.0,
    "support": 1,
    "confused_with": {
      "cpplus_content": 1
    }
  },
  "flowchart_quest_num": {
    "precision": 1.0,
    "recall": 0.9473684210526315,
    "f1-score": 0.972972972972973,
    "support": 38,
    "confused_with": {}
  },
  "cpplus_content": {
    "precision": 0.9643705463182898,
    "recall": 0.9175141242937853,
    "f1-score": 0.9403590040532716,
    "support": 885,
    "confused_with": {}
  },
  "micro avg": {
    "precision": 0.9658314350797267,
    "recall": 0.9177489177489178,
    "f1-score": 0.9411764705882354,
    "support": 924
  },
  "macro avg": {
    "precision": 0.6547901821060966,
    "recall": 0.6216275151154723,
    "f1-score": 0.6377773256754149,
    "support": 924
  },
  "weighted avg": {
    "precision": 0.9647921358135135,
    "recall": 0.9177489177489178,
    "f1-score": 0.9406825666235047,
    "support": 924
  }
}