{
  "cpplus_why_asking": {
    "precision": 0.93,
    "recall": 0.9117647058823529,
    "f1-score": 0.9207920792079208,
    "support": 102,
    "confused_with": {
      "cpplus_what_asking": 5,
      "cpplus_how_asking": 4
    }
  },
  "stop_asking": {
    "precision": 0.9583333333333334,
    "recall": 0.7419354838709677,
    "f1-score": 0.8363636363636364,
    "support": 31,
    "confused_with": {
      "goodbye": 3,
      "dont_want_to_ask": 2
    }
  },
  "goodbye": {
    "precision": 0.3076923076923077,
    "recall": 0.5714285714285714,
    "f1-score": 0.4,
    "support": 7,
    "confused_with": {
      "affirm": 1,
      "out_of_scope": 1
    }
  },
  "want_to_practice_flowchart": {
    "precision": 1.0,
    "recall": 0.8928571428571429,
    "f1-score": 0.9433962264150945,
    "support": 28,
    "confused_with": {
      "want_to_watch_cpp_tutorial": 1,
      "cpplus_why_asking": 1
    }
  },
  "dont_want_to_give_cpp_content": {
    "precision": 0.5,
    "recall": 0.5,
    "f1-score": 0.5,
    "support": 2,
    "confused_with": {
      "dont_want_to_give_flowchart_quest_num": 1
    }
  },
  "who_are_you": {
    "precision": 0.8604651162790697,
    "recall": 0.8043478260869565,
    "f1-score": 0.8314606741573034,
    "support": 46,
    "confused_with": {
      "cpplus_what_asking": 4,
      "dont_want_to_give_flowchart_quest_num": 1
    }
  },
  "dont_want_to_ask": {
    "precision": 0.6666666666666666,
    "recall": 0.5714285714285714,
    "f1-score": 0.6153846153846153,
    "support": 7,
    "confused_with": {
      "out_of_scope": 2,
      "stop_asking": 1
    }
  },
  "want_to_practice_cpp": {
    "precision": 0.9,
    "recall": 0.9642857142857143,
    "f1-score": 0.9310344827586207,
    "support": 28,
    "confused_with": {
      "want_to_watch_cpp_tutorial": 1
    }
  },
  "insult": {
    "precision": 0.9166666666666666,
    "recall": 0.7333333333333333,
    "f1-score": 0.8148148148148148,
    "support": 45,
    "confused_with": {
      "out_of_scope": 4,
      "greet": 3
    }
  },
  "out_of_scope": {
    "precision": 0.3148148148148148,
    "recall": 0.5,
    "f1-score": 0.38636363636363635,
    "support": 34,
    "confused_with": {
      "cpplus_what_asking": 3,
      "goodbye": 2
    }
  },
  "compliment": {
    "precision": 0.5833333333333334,
    "recall": 0.35,
    "f1-score": 0.4375,
    "support": 20,
    "confused_with": {
      "affirm": 2,
      "continue_asking": 2
    }
  },
  "time": {
    "precision": 0.75,
    "recall": 0.75,
    "f1-score": 0.75,
    "support": 4,
    "confused_with": {
      "out_of_scope": 1
    }
  },
  "who_create_you": {
    "precision": 0.9285714285714286,
    "recall": 0.65,
    "f1-score": 0.7647058823529412,
    "support": 20,
    "confused_with": {
      "want_to_watch_cpp_tutorial": 3,
      "cpplus_how_asking": 1
    }
  },
  "cpp_practice": {
    "precision": 0.9166666666666666,
    "recall": 0.9166666666666666,
    "f1-score": 0.9166666666666666,
    "support": 12,
    "confused_with": {
      "want_to_practice_cpp": 1
    }
  },
  "feeling_good": {
    "precision": 0.9473684210526315,
    "recall": 0.8571428571428571,
    "f1-score": 0.9,
    "support": 21,
    "confused_with": {
      "compliment": 1,
      "thanks": 1
    }
  },
  "cpplus_where_asking": {
    "precision": 1.0,
    "recall": 0.6666666666666666,
    "f1-score": 0.8,
    "support": 3,
    "confused_with": {
      "out_of_scope": 1
    }
  },
  "attention": {
    "precision": 0.6111111111111112,
    "recall": 0.8461538461538461,
    "f1-score": 0.7096774193548387,
    "support": 13,
    "confused_with": {
      "insult": 1,
      "greet": 1
    }
  },
  "cpplus_when_asking": {
    "precision": 0.6666666666666666,
    "recall": 1.0,
    "f1-score": 0.8,
    "support": 4,
    "confused_with": {}
  },
  "feeling_bad": {
    "precision": 0.6363636363636364,
    "recall": 0.7,
    "f1-score": 0.6666666666666666,
    "support": 10,
    "confused_with": {
      "out_of_scope": 2,
      "cpplus_what_asking": 1
    }
  },
  "greet": {
    "precision": 0.6428571428571429,
    "recall": 0.6,
    "f1-score": 0.6206896551724138,
    "support": 30,
    "confused_with": {
      "out_of_scope": 4,
      "attention": 4
    }
  },
  "cpplus_example_asking": {
    "precision": 0.9821428571428571,
    "recall": 1.0,
    "f1-score": 0.9909909909909909,
    "support": 55,
    "confused_with": {}
  },
  "want_to_watch_cpp_tutorial": {
    "precision": 0.813953488372093,
    "recall": 0.875,
    "f1-score": 0.8433734939759036,
    "support": 40,
    "confused_with": {
      "cpplus_specific_video_tutorial_asking": 4,
      "greet": 1
    }
  },
  "cpplus_what_asking": {
    "precision": 0.8632075471698113,
    "recall": 0.953125,
    "f1-score": 0.9059405940594059,
    "support": 192,
    "confused_with": {
      "cpplus_how_asking": 2,
      "insult": 1
    }
  },
  "dont_want_to_give_flowchart_quest_num": {
    "precision": 0.9259259259259259,
    "recall": 0.8620689655172413,
    "f1-score": 0.8928571428571429,
    "support": 29,
    "confused_with": {
      "cpplus_why_asking": 3,
      "dont_want_to_give_cpp_content": 1
    }
  },
  "health_inquire": {
    "precision": 0.98,
    "recall": 0.9423076923076923,
    "f1-score": 0.9607843137254902,
    "support": 52,
    "confused_with": {
      "cpplus_what_asking": 2,
      "out_of_scope": 1
    }
  },
  "flowchart_asking": {
    "precision": 0.96875,
    "recall": 0.9393939393939394,
    "f1-score": 0.9538461538461539,
    "support": 33,
    "confused_with": {
      "out_of_scope": 1,
      "want_to_ask": 1
    }
  },
  "date": {
    "precision": 0.0,
    "recall": 0.0,
    "f1-score": 0.0,
    "support": 3,
    "confused_with": {
      "out_of_scope": 2,
      "feeling_bad": 1
    }
  },
  "thanks": {
    "precision": 0.7142857142857143,
    "recall": 0.7142857142857143,
    "f1-score": 0.7142857142857143,
    "support": 14,
    "confused_with": {
      "cpplus_why_asking": 1,
      "want_to_ask": 1
    }
  },
  "cpplus_how_asking": {
    "precision": 0.9411764705882353,
    "recall": 0.9696969696969697,
    "f1-score": 0.955223880597015,
    "support": 165,
    "confused_with": {
      "out_of_scope": 1,
      "cpplus_why_asking": 1
    }
  },
  "continue_asking": {
    "precision": 0.6363636363636364,
    "recall": 0.5833333333333334,
    "f1-score": 0.6086956521739131,
    "support": 12,
    "confused_with": {
      "affirm": 2,
      "out_of_scope": 2
    }
  },
  "cpplus_specific_video_tutorial_asking": {
    "precision": 0.8518518518518519,
    "recall": 0.71875,
    "f1-score": 0.7796610169491525,
    "support": 32,
    "confused_with": {
      "cpplus_what_asking": 4,
      "want_to_watch_cpp_tutorial": 3
    }
  },
  "want_to_ask": {
    "precision": 0.8571428571428571,
    "recall": 0.8571428571428571,
    "f1-score": 0.8571428571428571,
    "support": 28,
    "confused_with": {
      "out_of_scope": 1,
      "who_are_you": 1
    }
  },
  "deny": {
    "precision": 0.9166666666666666,
    "recall": 0.8461538461538461,
    "f1-score": 0.8799999999999999,
    "support": 39,
    "confused_with": {
      "out_of_scope": 3,
      "cpplus_what_asking": 1
    }
  },
  "affirm": {
    "precision": 0.14285714285714285,
    "recall": 0.1,
    "f1-score": 0.11764705882352941,
    "support": 10,
    "confused_with": {
      "out_of_scope": 4,
      "continue_asking": 2,
      "thanks": 2
    }
  },
  "corona": {
    "precision": 0.8571428571428571,
    "recall": 0.8,
    "f1-score": 0.8275862068965518,
    "support": 15,
    "confused_with": {
      "out_of_scope": 1,
      "compliment": 1
    }
  },
  "accuracy": 0.8482293423271501,
  "macro avg": {
    "precision": 0.7568298379310038,
    "recall": 0.7339791343895784,
    "f1-score": 0.7381014723429424,
    "support": 1186
  },
  "weighted avg": {
    "precision": 0.8573652120249932,
    "recall": 0.8482293423271501,
    "f1-score": 0.8489322309619873,
    "support": 1186
  }
}