{
  "flowchart_quest_num": {
    "precision": 0.9333333333333333,
    "recall": 0.9767441860465116,
    "f1-score": 0.9545454545454545,
    "support": 43,
    "confused_with": {}
  },
  "cpplus_content": {
    "precision": 0.9721549636803875,
    "recall": 0.8912319644839067,
    "f1-score": 0.9299363057324841,
    "support": 901,
    "confused_with": {}
  },
  "CPPLUS_CONTENT": {
    "precision": 0.0,
    "recall": 0.0,
    "f1-score": 0.0,
    "support": 1,
    "confused_with": {
      "cpplus_content": 1
    }
  },
  "micro avg": {
    "precision": 0.9701492537313433,
    "recall": 0.8941798941798942,
    "f1-score": 0.9306167400881057,
    "support": 945
  },
  "macro avg": {
    "precision": 0.6351627656712403,
    "recall": 0.6226587168434728,
    "f1-score": 0.6281605867593129,
    "support": 945
  },
  "weighted avg": {
    "precision": 0.9693597413855687,
    "recall": 0.8941798941798942,
    "f1-score": 0.9300720275242568,
    "support": 945
  }
}