{
  "flowchart_quest_num": {
    "precision": 0.8620689655172413,
    "recall": 0.9803921568627451,
    "f1-score": 0.9174311926605505,
    "support": 51,
    "confused_with": {}
  },
  "cpplus_content": {
    "precision": 0.9153318077803204,
    "recall": 0.8556149732620321,
    "f1-score": 0.8844665561083471,
    "support": 935,
    "confused_with": {
      "flowchart_quest_num": 1
    }
  },
  "CPPLUS_CONTENT": {
    "precision": 0.0,
    "recall": 0.0,
    "f1-score": 0.0,
    "support": 2,
    "confused_with": {
      "cpplus_content": 2
    }
  },
  "micro avg": {
    "precision": 0.9120171673819742,
    "recall": 0.8603238866396761,
    "f1-score": 0.8854166666666667,
    "support": 988
  },
  "macro avg": {
    "precision": 0.5924669244325206,
    "recall": 0.6120023767082591,
    "f1-score": 0.6006325829229658,
    "support": 988
  },
  "weighted avg": {
    "precision": 0.9107295116558491,
    "recall": 0.8603238866396761,
    "f1-score": 0.8843777538329884,
    "support": 988
  }
}