{
  "cpp_practice": {
    "precision": 0.7272727272727273,
    "recall": 0.7272727272727273,
    "f1-score": 0.7272727272727273,
    "support": 11,
    "confused_with": {
      "insult": 1,
      "want_to_practice_cpp": 1
    }
  },
  "want_to_practice_cpp": {
    "precision": 0.8846153846153846,
    "recall": 0.8214285714285714,
    "f1-score": 0.8518518518518519,
    "support": 28,
    "confused_with": {
      "want_to_watch_cpp_tutorial": 2,
      "out_of_scope": 1
    }
  },
  "cpplus_why_asking": {
    "precision": 0.9142857142857143,
    "recall": 0.9411764705882353,
    "f1-score": 0.9275362318840579,
    "support": 102,
    "confused_with": {
      "cpplus_what_asking": 5,
      "deny": 1
    }
  },
  "dont_want_to_ask": {
    "precision": 0.875,
    "recall": 1.0,
    "f1-score": 0.9333333333333333,
    "support": 7,
    "confused_with": {}
  },
  "corona": {
    "precision": 0.7333333333333333,
    "recall": 0.7333333333333333,
    "f1-score": 0.7333333333333333,
    "support": 15,
    "confused_with": {
      "who_are_you": 2,
      "continue_asking": 1
    }
  },
  "who_are_you": {
    "precision": 0.8,
    "recall": 0.851063829787234,
    "f1-score": 0.8247422680412372,
    "support": 47,
    "confused_with": {
      "cpplus_what_asking": 4,
      "want_to_ask": 1
    }
  },
  "insult": {
    "precision": 0.7169811320754716,
    "recall": 0.8260869565217391,
    "f1-score": 0.7676767676767677,
    "support": 46,
    "confused_with": {
      "corona": 2,
      "compliment": 1
    }
  },
  "goodbye": {
    "precision": 0.6666666666666666,
    "recall": 0.2857142857142857,
    "f1-score": 0.4,
    "support": 7,
    "confused_with": {
      "out_of_scope": 2,
      "feeling_bad": 1
    }
  },
  "deny": {
    "precision": 0.75,
    "recall": 0.825,
    "f1-score": 0.7857142857142856,
    "support": 40,
    "confused_with": {
      "thanks": 2,
      "out_of_scope": 2
    }
  },
  "feeling_good": {
    "precision": 0.8235294117647058,
    "recall": 0.6666666666666666,
    "f1-score": 0.7368421052631577,
    "support": 21,
    "confused_with": {
      "affirm": 1,
      "cpplus_what_asking": 1
    }
  },
  "feeling_bad": {
    "precision": 0.5555555555555556,
    "recall": 0.4166666666666667,
    "f1-score": 0.4761904761904762,
    "support": 12,
    "confused_with": {
      "insult": 3,
      "compliment": 1
    }
  },
  "cpplus_what_asking": {
    "precision": 0.8787878787878788,
    "recall": 0.9015544041450777,
    "f1-score": 0.8900255754475703,
    "support": 193,
    "confused_with": {
      "cpplus_why_asking": 4,
      "out_of_scope": 3
    }
  },
  "stop_asking": {
    "precision": 0.6944444444444444,
    "recall": 0.7575757575757576,
    "f1-score": 0.7246376811594203,
    "support": 33,
    "confused_with": {
      "deny": 2,
      "health_inquire": 2
    }
  },
  "date": {
    "precision": 1.0,
    "recall": 0.3333333333333333,
    "f1-score": 0.5,
    "support": 3,
    "confused_with": {
      "affirm": 1,
      "want_to_ask": 1
    }
  },
  "compliment": {
    "precision": 0.625,
    "recall": 0.47619047619047616,
    "f1-score": 0.5405405405405405,
    "support": 21,
    "confused_with": {
      "feeling_bad": 3,
      "affirm": 1
    }
  },
  "affirm": {
    "precision": 0.45454545454545453,
    "recall": 0.45454545454545453,
    "f1-score": 0.45454545454545453,
    "support": 11,
    "confused_with": {
      "continue_asking": 2,
      "insult": 1
    }
  },
  "thanks": {
    "precision": 0.5882352941176471,
    "recall": 0.7142857142857143,
    "f1-score": 0.6451612903225806,
    "support": 14,
    "confused_with": {
      "affirm": 1,
      "health_inquire": 1
    }
  },
  "flowchart_asking": {
    "precision": 0.8,
    "recall": 0.9696969696969697,
    "f1-score": 0.8767123287671234,
    "support": 33,
    "confused_with": {
      "out_of_scope": 1
    }
  },
  "dont_want_to_give_cpp_content": {
    "precision": 0.0,
    "recall": 0.0,
    "f1-score": 0.0,
    "support": 2,
    "confused_with": {
      "dont_want_to_give_flowchart_quest_num": 1,
      "cpplus_why_asking": 1
    }
  },
  "want_to_ask": {
    "precision": 0.7666666666666667,
    "recall": 0.8214285714285714,
    "f1-score": 0.793103448275862,
    "support": 28,
    "confused_with": {
      "deny": 2,
      "stop_asking": 2
    }
  },
  "continue_asking": {
    "precision": 0.7692307692307693,
    "recall": 0.7692307692307693,
    "f1-score": 0.7692307692307693,
    "support": 13,
    "confused_with": {
      "out_of_scope": 1,
      "who_are_you": 1
    }
  },
  "time": {
    "precision": 0.8,
    "recall": 1.0,
    "f1-score": 0.888888888888889,
    "support": 4,
    "confused_with": {}
  },
  "attention": {
    "precision": 0.42857142857142855,
    "recall": 0.46153846153846156,
    "f1-score": 0.4444444444444445,
    "support": 13,
    "confused_with": {
      "insult": 3,
      "stop_asking": 2
    }
  },
  "cpplus_specific_video_tutorial_asking": {
    "precision": 0.8666666666666667,
    "recall": 0.7878787878787878,
    "f1-score": 0.8253968253968254,
    "support": 33,
    "confused_with": {
      "want_to_watch_cpp_tutorial": 5,
      "cpplus_how_asking": 1
    }
  },
  "out_of_scope": {
    "precision": 0.42424242424242425,
    "recall": 0.3333333333333333,
    "f1-score": 0.3733333333333333,
    "support": 42,
    "confused_with": {
      "cpplus_what_asking": 4,
      "health_inquire": 2
    }
  },
  "greet": {
    "precision": 0.6666666666666666,
    "recall": 0.4666666666666667,
    "f1-score": 0.5490196078431373,
    "support": 30,
    "confused_with": {
      "attention": 7,
      "insult": 3
    }
  },
  "health_inquire": {
    "precision": 0.8596491228070176,
    "recall": 0.9423076923076923,
    "f1-score": 0.8990825688073394,
    "support": 52,
    "confused_with": {
      "greet": 2,
      "feeling_good": 1
    }
  },
  "want_to_watch_cpp_tutorial": {
    "precision": 0.7659574468085106,
    "recall": 0.8780487804878049,
    "f1-score": 0.8181818181818182,
    "support": 41,
    "confused_with": {
      "flowchart_asking": 2,
      "want_to_practice_cpp": 1
    }
  },
  "cpplus_where_asking": {
    "precision": 1.0,
    "recall": 0.6666666666666666,
    "f1-score": 0.8,
    "support": 3,
    "confused_with": {
      "cpplus_how_asking": 1
    }
  },
  "cpplus_when_asking": {
    "precision": 1.0,
    "recall": 0.75,
    "f1-score": 0.8571428571428571,
    "support": 4,
    "confused_with": {
      "out_of_scope": 1
    }
  },
  "dont_want_to_give_flowchart_quest_num": {
    "precision": 0.8888888888888888,
    "recall": 0.8275862068965517,
    "f1-score": 0.8571428571428572,
    "support": 29,
    "confused_with": {
      "flowchart_asking": 2,
      "who_are_you": 1
    }
  },
  "cpplus_how_asking": {
    "precision": 0.9623655913978495,
    "recall": 0.9675675675675676,
    "f1-score": 0.9649595687331537,
    "support": 185,
    "confused_with": {
      "cpplus_what_asking": 2,
      "out_of_scope": 1
    }
  },
  "want_to_practice_flowchart": {
    "precision": 0.8620689655172413,
    "recall": 0.8928571428571429,
    "f1-score": 0.8771929824561403,
    "support": 28,
    "confused_with": {
      "flowchart_asking": 2,
      "want_to_watch_cpp_tutorial": 1
    }
  },
  "cpplus_example_asking": {
    "precision": 0.9824561403508771,
    "recall": 1.0,
    "f1-score": 0.9911504424778761,
    "support": 56,
    "confused_with": {}
  },
  "who_create_you": {
    "precision": 0.9285714285714286,
    "recall": 0.6190476190476191,
    "f1-score": 0.742857142857143,
    "support": 21,
    "confused_with": {
      "who_are_you": 3,
      "out_of_scope": 2
    }
  },
  "accuracy": 0.8289902280130294,
  "macro avg": {
    "precision": 0.7560072915386119,
    "recall": 0.7110214252474251,
    "f1-score": 0.7213498230444676,
    "support": 1228
  },
  "weighted avg": {
    "precision": 0.8248177132854353,
    "recall": 0.8289902280130294,
    "f1-score": 0.8233593323920197,
    "support": 1228
  }
}