{
  "flowchart_quest_num": {
    "precision": 0.9512195121951219,
    "recall": 0.975,
    "f1-score": 0.9629629629629629,
    "support": 40,
    "confused_with": {}
  },
  "cpplus_content": {
    "precision": 0.9427012278308322,
    "recall": 0.7543668122270742,
    "f1-score": 0.8380836870830807,
    "support": 916,
    "confused_with": {}
  },
  "CPPLUS_CONTENT": {
    "precision": 0.0,
    "recall": 0.0,
    "f1-score": 0.0,
    "support": 1,
    "confused_with": {
      "cpplus_content": 1
    }
  },
  "micro avg": {
    "precision": 0.9431524547803618,
    "recall": 0.7628004179728317,
    "f1-score": 0.8434430964760253,
    "support": 957
  },
  "macro avg": {
    "precision": 0.6313069133419847,
    "recall": 0.5764556040756914,
    "f1-score": 0.6003488833486812,
    "support": 957
  },
  "weighted avg": {
    "precision": 0.942072210220321,
    "recall": 0.7628004179728317,
    "f1-score": 0.8424275610100526,
    "support": 957
  }
}