{
  "flowchart_quest_num": {
    "precision": 0.9347826086956522,
    "recall": 0.8431372549019608,
    "f1-score": 0.8865979381443299,
    "support": 51,
    "confused_with": {}
  },
  "cpplus_content": {
    "precision": 0.96,
    "recall": 0.8727272727272727,
    "f1-score": 0.9142857142857144,
    "support": 935,
    "confused_with": {}
  },
  "CPPLUS_CONTENT": {
    "precision": 1.0,
    "recall": 0.5,
    "f1-score": 0.6666666666666666,
    "support": 2,
    "confused_with": {
      "cpplus_content": 1
    }
  },
  "micro avg": {
    "precision": 0.9587513935340022,
    "recall": 0.8704453441295547,
    "f1-score": 0.9124668435013262,
    "support": 988
  },
  "macro avg": {
    "precision": 0.9649275362318841,
    "recall": 0.7386215092097445,
    "f1-score": 0.822516773032237,
    "support": 988
  },
  "weighted avg": {
    "precision": 0.9587792642140468,
    "recall": 0.8704453441295547,
    "f1-score": 0.9123552338419403,
    "support": 988
  }
}