{
  "cpp_practice": {
    "precision": 1.0,
    "recall": 0.8181818181818182,
    "f1-score": 0.9,
    "support": 11,
    "confused_with": {
      "want_to_practice_cpp": 1,
      "greet": 1
    }
  },
  "want_to_practice_cpp": {
    "precision": 0.8846153846153846,
    "recall": 0.8214285714285714,
    "f1-score": 0.8518518518518519,
    "support": 28,
    "confused_with": {
      "want_to_watch_cpp_tutorial": 4,
      "out_of_scope": 1
    }
  },
  "cpplus_why_asking": {
    "precision": 0.9611650485436893,
    "recall": 0.9705882352941176,
    "f1-score": 0.9658536585365853,
    "support": 102,
    "confused_with": {
      "who_create_you": 1,
      "cpplus_what_asking": 1
    }
  },
  "dont_want_to_ask": {
    "precision": 0.7142857142857143,
    "recall": 0.7142857142857143,
    "f1-score": 0.7142857142857143,
    "support": 7,
    "confused_with": {
      "want_to_ask": 1,
      "stop_asking": 1
    }
  },
  "corona": {
    "precision": 1.0,
    "recall": 0.8666666666666667,
    "f1-score": 0.9285714285714286,
    "support": 15,
    "confused_with": {
      "out_of_scope": 1,
      "continue_asking": 1
    }
  },
  "who_are_you": {
    "precision": 0.9024390243902439,
    "recall": 0.7872340425531915,
    "f1-score": 0.8409090909090909,
    "support": 47,
    "confused_with": {
      "who_create_you": 2,
      "health_inquire": 2
    }
  },
  "insult": {
    "precision": 0.7692307692307693,
    "recall": 0.8695652173913043,
    "f1-score": 0.8163265306122449,
    "support": 46,
    "confused_with": {
      "out_of_scope": 2,
      "want_to_ask": 1
    }
  },
  "goodbye": {
    "precision": 0.5,
    "recall": 0.14285714285714285,
    "f1-score": 0.22222222222222224,
    "support": 7,
    "confused_with": {
      "stop_asking": 2,
      "cpplus_how_asking": 1,
      "compliment": 1
    }
  },
  "deny": {
    "precision": 0.9428571428571428,
    "recall": 0.825,
    "f1-score": 0.88,
    "support": 40,
    "confused_with": {
      "cpplus_what_asking": 2,
      "out_of_scope": 2
    }
  },
  "feeling_good": {
    "precision": 0.8421052631578947,
    "recall": 0.7619047619047619,
    "f1-score": 0.8,
    "support": 21,
    "confused_with": {
      "health_inquire": 2,
      "out_of_scope": 1
    }
  },
  "feeling_bad": {
    "precision": 0.8,
    "recall": 0.3333333333333333,
    "f1-score": 0.47058823529411764,
    "support": 12,
    "confused_with": {
      "insult": 3,
      "greet": 1
    }
  },
  "cpplus_what_asking": {
    "precision": 0.9132653061224489,
    "recall": 0.927461139896373,
    "f1-score": 0.9203084832904883,
    "support": 193,
    "confused_with": {
      "out_of_scope": 4,
      "cpplus_example_asking": 3
    }
  },
  "stop_asking": {
    "precision": 0.7435897435897436,
    "recall": 0.8787878787878788,
    "f1-score": 0.8055555555555556,
    "support": 33,
    "confused_with": {
      "want_to_ask": 2,
      "deny": 1
    }
  },
  "date": {
    "precision": 1.0,
    "recall": 0.3333333333333333,
    "f1-score": 0.5,
    "support": 3,
    "confused_with": {
      "insult": 1,
      "want_to_ask": 1
    }
  },
  "compliment": {
    "precision": 0.6129032258064516,
    "recall": 0.9047619047619048,
    "f1-score": 0.7307692307692307,
    "support": 21,
    "confused_with": {
      "continue_asking": 1,
      "cpplus_example_asking": 1
    }
  },
  "affirm": {
    "precision": 0.5714285714285714,
    "recall": 0.36363636363636365,
    "f1-score": 0.4444444444444444,
    "support": 11,
    "confused_with": {
      "compliment": 2,
      "continue_asking": 2
    }
  },
  "thanks": {
    "precision": 0.8333333333333334,
    "recall": 0.7142857142857143,
    "f1-score": 0.7692307692307692,
    "support": 14,
    "confused_with": {
      "who_create_you": 1,
      "compliment": 1
    }
  },
  "flowchart_asking": {
    "precision": 0.8823529411764706,
    "recall": 0.9090909090909091,
    "f1-score": 0.8955223880597014,
    "support": 33,
    "confused_with": {
      "out_of_scope": 1,
      "want_to_watch_cpp_tutorial": 1
    }
  },
  "dont_want_to_give_cpp_content": {
    "precision": 0.0,
    "recall": 0.0,
    "f1-score": 0.0,
    "support": 2,
    "confused_with": {
      "dont_want_to_give_flowchart_quest_num": 1,
      "cpplus_why_asking": 1
    }
  },
  "want_to_ask": {
    "precision": 0.7931034482758621,
    "recall": 0.8214285714285714,
    "f1-score": 0.8070175438596492,
    "support": 28,
    "confused_with": {
      "stop_asking": 2,
      "compliment": 1
    }
  },
  "continue_asking": {
    "precision": 0.6666666666666666,
    "recall": 0.7692307692307693,
    "f1-score": 0.7142857142857142,
    "support": 13,
    "confused_with": {
      "out_of_scope": 2,
      "goodbye": 1
    }
  },
  "time": {
    "precision": 1.0,
    "recall": 1.0,
    "f1-score": 1.0,
    "support": 4,
    "confused_with": {}
  },
  "attention": {
    "precision": 0.6363636363636364,
    "recall": 0.5384615384615384,
    "f1-score": 0.5833333333333334,
    "support": 13,
    "confused_with": {
      "out_of_scope": 2,
      "greet": 2
    }
  },
  "cpplus_specific_video_tutorial_asking": {
    "precision": 0.8378378378378378,
    "recall": 0.9393939393939394,
    "f1-score": 0.8857142857142858,
    "support": 33,
    "confused_with": {
      "want_to_watch_cpp_tutorial": 1,
      "cpplus_what_asking": 1
    }
  },
  "out_of_scope": {
    "precision": 0.5,
    "recall": 0.5238095238095238,
    "f1-score": 0.5116279069767442,
    "support": 42,
    "confused_with": {
      "cpplus_what_asking": 7,
      "who_create_you": 2
    }
  },
  "greet": {
    "precision": 0.7916666666666666,
    "recall": 0.6333333333333333,
    "f1-score": 0.7037037037037038,
    "support": 30,
    "confused_with": {
      "attention": 4,
      "out_of_scope": 3
    }
  },
  "health_inquire": {
    "precision": 0.9074074074074074,
    "recall": 0.9423076923076923,
    "f1-score": 0.9245283018867925,
    "support": 52,
    "confused_with": {
      "stop_asking": 2,
      "compliment": 1
    }
  },
  "want_to_watch_cpp_tutorial": {
    "precision": 0.8571428571428571,
    "recall": 0.8780487804878049,
    "f1-score": 0.8674698795180722,
    "support": 41,
    "confused_with": {
      "cpplus_specific_video_tutorial_asking": 3,
      "cpplus_how_asking": 1
    }
  },
  "cpplus_where_asking": {
    "precision": 1.0,
    "recall": 1.0,
    "f1-score": 1.0,
    "support": 3,
    "confused_with": {}
  },
  "cpplus_when_asking": {
    "precision": 1.0,
    "recall": 0.75,
    "f1-score": 0.8571428571428571,
    "support": 4,
    "confused_with": {
      "cpplus_what_asking": 1
    }
  },
  "dont_want_to_give_flowchart_quest_num": {
    "precision": 0.96,
    "recall": 0.8275862068965517,
    "f1-score": 0.888888888888889,
    "support": 29,
    "confused_with": {
      "flowchart_asking": 2,
      "feeling_good": 1
    }
  },
  "cpplus_how_asking": {
    "precision": 0.9468085106382979,
    "recall": 0.9621621621621622,
    "f1-score": 0.9544235924932977,
    "support": 185,
    "confused_with": {
      "cpplus_what_asking": 2,
      "who_create_you": 1
    }
  },
  "want_to_practice_flowchart": {
    "precision": 0.896551724137931,
    "recall": 0.9285714285714286,
    "f1-score": 0.912280701754386,
    "support": 28,
    "confused_with": {
      "cpplus_how_asking": 1,
      "cpplus_what_asking": 1
    }
  },
  "cpplus_example_asking": {
    "precision": 0.9032258064516129,
    "recall": 1.0,
    "f1-score": 0.9491525423728813,
    "support": 56,
    "confused_with": {}
  },
  "who_create_you": {
    "precision": 0.72,
    "recall": 0.8571428571428571,
    "f1-score": 0.782608695652174,
    "support": 21,
    "confused_with": {
      "cpplus_specific_video_tutorial_asking": 1,
      "out_of_scope": 1
    }
  },
  "accuracy": 0.8640065146579805,
  "macro avg": {
    "precision": 0.808295600860761,
    "recall": 0.7518251300261505,
    "f1-score": 0.7656747871776065,
    "support": 1228
  },
  "weighted avg": {
    "precision": 0.8652460278815358,