{
  "CPPLUS_CONTENT": {
    "precision": 1.0,
    "recall": 1.0,
    "f1-score": 1.0,
    "support": 1,
    "confused_with": {}
  },
  "flowchart_quest_num": {
    "precision": 0.918918918918919,
    "recall": 0.8947368421052632,
    "f1-score": 0.9066666666666667,
    "support": 38,
    "confused_with": {}
  },
  "cpplus_content": {
    "precision": 0.8460661345496009,
    "recall": 0.8384180790960452,
    "f1-score": 0.8422247446083996,
    "support": 885,
    "confused_with": {}
  },
  "micro avg": {
    "precision": 0.8491803278688524,
    "recall": 0.8409090909090909,
    "f1-score": 0.8450244698205547,
    "support": 924
  },
  "macro avg": {
    "precision": 0.9216616844895066,
    "recall": 0.9110516404004362,
    "f1-score": 0.9162971370916888,
    "support": 924
  },
  "weighted avg": {
    "precision": 0.8492288398217703,
    "recall": 0.8409090909090909,
    "f1-score": 0.8450457059651159,
    "support": 924
  }
}