{
  "cpplus_why_asking": {
    "precision": 0.8532110091743119,
    "recall": 0.9117647058823529,
    "f1-score": 0.8815165876777251,
    "support": 102,
    "confused_with": {
      "cpplus_what_asking": 6,
      "want_to_watch_cpp_tutorial": 2
    }
  },
  "stop_asking": {
    "precision": 0.6875,
    "recall": 0.7096774193548387,
    "f1-score": 0.6984126984126984,
    "support": 31,
    "confused_with": {
      "insult": 2,
      "greet": 2
    }
  },
  "goodbye": {
    "precision": 0.3333333333333333,
    "recall": 0.14285714285714285,
    "f1-score": 0.2,
    "support": 7,
    "confused_with": {
      "stop_asking": 2,
      "greet": 1,
      "want_to_practice_flowchart": 1
    }
  },
  "want_to_practice_flowchart": {
    "precision": 0.9259259259259259,
    "recall": 0.8928571428571429,
    "f1-score": 0.9090909090909091,
    "support": 28,
    "confused_with": {
      "want_to_practice_cpp": 2,
      "cpplus_specific_video_tutorial_asking": 1
    }
  },
  "dont_want_to_give_cpp_content": {
    "precision": 0.0,
    "recall": 0.0,
    "f1-score": 0.0,
    "support": 2,
    "confused_with": {
      "dont_want_to_give_flowchart_quest_num": 2
    }
  },
  "who_are_you": {
    "precision": 0.74,
    "recall": 0.8043478260869565,
    "f1-score": 0.7708333333333333,
    "support": 46,
    "confused_with": {
      "cpplus_what_asking": 6,
      "feeling_bad": 1
    }
  },
  "dont_want_to_ask": {
    "precision": 0.75,
    "recall": 0.8571428571428571,
    "f1-score": 0.7999999999999999,
    "support": 7,
    "confused_with": {
      "feeling_good": 1
    }
  },
  "want_to_practice_cpp": {
    "precision": 0.9285714285714286,
    "recall": 0.9285714285714286,
    "f1-score": 0.9285714285714286,
    "support": 28,
    "confused_with": {
      "cpplus_specific_video_tutorial_asking": 2
    }
  },
  "insult": {
    "precision": 0.7659574468085106,
    "recall": 0.8,
    "f1-score": 0.7826086956521738,
    "support": 45,
    "confused_with": {
      "deny": 3,
      "cpplus_what_asking": 2
    }
  },
  "out_of_scope": {
    "precision": 0.5882352941176471,
    "recall": 0.29411764705882354,
    "f1-score": 0.3921568627450981,
    "support": 34,
    "confused_with": {
      "cpplus_what_asking": 7,
      "who_are_you": 4
    }
  },
  "compliment": {
    "precision": 0.5333333333333333,
    "recall": 0.4,
    "f1-score": 0.4571428571428572,
    "support": 20,
    "confused_with": {
      "out_of_scope": 3,
      "cpplus_why_asking": 2
    }
  },
  "time": {
    "precision": 1.0,
    "recall": 1.0,
    "f1-score": 1.0,
    "support": 4,
    "confused_with": {}
  },
  "who_create_you": {
    "precision": 0.9090909090909091,
    "recall": 0.5,
    "f1-score": 0.6451612903225806,
    "support": 20,
    "confused_with": {
      "health_inquire": 3,
      "want_to_watch_cpp_tutorial": 3
    }
  },
  "cpp_practice": {
    "precision": 0.8333333333333334,
    "recall": 0.8333333333333334,
    "f1-score": 0.8333333333333334,
    "support": 12,
    "confused_with": {
      "cpplus_what_asking": 1,
      "cpplus_example_asking": 1
    }
  },
  "feeling_good": {
    "precision": 0.8333333333333334,
    "recall": 0.7142857142857143,
    "f1-score": 0.7692307692307692,
    "support": 21,
    "confused_with": {
      "compliment": 3,
      "health_inquire": 2
    }
  },
  "cpplus_where_asking": {
    "precision": 0.6666666666666666,
    "recall": 0.6666666666666666,
    "f1-score": 0.6666666666666666,
    "support": 3,
    "confused_with": {
      "out_of_scope": 1
    }
  },
  "attention": {
    "precision": 0.6666666666666666,
    "recall": 0.7692307692307693,
    "f1-score": 0.7142857142857142,
    "support": 13,
    "confused_with": {
      "greet": 2,
      "insult": 1
    }
  },
  "cpplus_when_asking": {
    "precision": 0.75,
    "recall": 0.75,
    "f1-score": 0.75,
    "support": 4,
    "confused_with": {
      "cpplus_how_asking": 1
    }
  },
  "feeling_bad": {
    "precision": 0.625,
    "recall": 0.5,
    "f1-score": 0.5555555555555556,
    "support": 10,
    "confused_with": {
      "health_inquire": 1,
      "cpplus_why_asking": 1
    }
  },
  "greet": {
    "precision": 0.6486486486486487,
    "recall": 0.8,
    "f1-score": 0.7164179104477612,
    "support": 30,
    "confused_with": {
      "attention": 3,
      "affirm": 1
    }
  },
  "cpplus_example_asking": {
    "precision": 0.9464285714285714,
    "recall": 0.9636363636363636,
    "f1-score": 0.9549549549549549,
    "support": 55,
    "confused_with": {
      "want_to_watch_cpp_tutorial": 1,
      "cpplus_what_asking": 1
    }
  },
  "want_to_watch_cpp_tutorial": {
    "precision": 0.6666666666666666,
    "recall": 0.95,
    "f1-score": 0.7835051546391752,
    "support": 40,
    "confused_with": {
      "insult": 2
    }
  },
  "cpplus_what_asking": {
    "precision": 0.8177570093457944,
    "recall": 0.9114583333333334,
    "f1-score": 0.8620689655172415,
    "support": 192,
    "confused_with": {
      "deny": 2,
      "greet": 2
    }
  },
  "dont_want_to_give_flowchart_quest_num": {
    "precision": 0.7777777777777778,
    "recall": 0.7241379310344828,
    "f1-score": 0.75,
    "support": 29,
    "confused_with": {
      "cpplus_why_asking": 7,
      "stop_asking": 1
    }
  },
  "health_inquire": {
    "precision": 0.8490566037735849,
    "recall": 0.8653846153846154,
    "f1-score": 0.8571428571428571,
    "support": 52,
    "confused_with": {
      "cpplus_how_asking": 2,
      "dont_want_to_give_flowchart_quest_num": 1
    }
  },
  "flowchart_asking": {
    "precision": 0.967741935483871,
    "recall": 0.9090909090909091,
    "f1-score": 0.9374999999999999,
    "support": 33,
    "confused_with": {
      "want_to_watch_cpp_tutorial": 2,
      "stop_asking": 1
    }
  },
  "date": {
    "precision": 1.0,
    "recall": 0.6666666666666666,
    "f1-score": 0.8,
    "support": 3,
    "confused_with": {
      "who_create_you": 1
    }
  },
  "thanks": {
    "precision": 0.7,
    "recall": 0.5,
    "f1-score": 0.5833333333333334,
    "support": 14,
    "confused_with": {
      "insult": 1,
      "cpplus_why_asking": 1
    }
  },
  "cpplus_how_asking": {
    "precision": 0.9325153374233128,
    "recall": 0.9212121212121213,
    "f1-score": 0.9268292682926829,
    "support": 165,
    "confused_with": {
      "cpplus_what_asking": 6,
      "want_to_watch_cpp_tutorial": 2
    }
  },
  "continue_asking": {
    "precision": 0.4666666666666667,
    "recall": 0.5833333333333334,
    "f1-score": 0.5185185185185186,
    "support": 12,
    "confused_with": {
      "affirm": 2,
      "corona": 1
    }
  },
  "cpplus_specific_video_tutorial_asking": {
    "precision": 0.7777777777777778,
    "recall": 0.65625,
    "f1-score": 0.711864406779661,
    "support": 32,
    "confused_with": {
      "want_to_watch_cpp_tutorial": 7,
      "cpplus_what_asking": 2
    }
  },
  "want_to_ask": {
    "precision": 0.75,
    "recall": 0.75,
    "f1-score": 0.75,
    "support": 28,
    "confused_with": {
      "cpplus_what_asking": 1,
      "who_are_you": 1
    }
  },
  "deny": {
    "precision": 0.8055555555555556,
    "recall": 0.7435897435897436,
    "f1-score": 0.7733333333333334,
    "support": 39,
    "confused_with": {
      "compliment": 2,
      "cpplus_how_asking": 2
    }
  },
  "affirm": {
    "precision": 0.0,
    "recall": 0.0,
    "f1-score": 0.0,
    "support": 10,
    "confused_with": {
      "continue_asking": 3,
      "who_are_you": 2,
      "thanks": 2
    }
  },
  "corona": {
    "precision": 0.8,
    "recall": 0.8,
    "f1-score": 0.8000000000000002,
    "support": 15,
    "confused_with": {
      "cpplus_what_asking": 2,
      "continue_asking": 1
    }
  },
  "accuracy": 0.8094435075885329,
  "macro avg": {
    "precision": 0.7227643208829608,
    "recall": 0.6919889334459886,
    "f1-score": 0.6994295829994388,
    "support": 1186
  },
  "weighted avg": {
    "precision": 0.8027184917527955,
    "recall": 0.8094435075885329,
    "f1-score": 0.800891317968211,
    "support": 1186
  }
}