{
  "flowchart_quest_num": {
    "precision": 0.9210526315789473,
    "recall": 0.813953488372093,
    "f1-score": 0.8641975308641974,
    "support": 43,
    "confused_with": {
      "cpplus_content": 3
    }
  },
  "cpplus_content": {
    "precision": 0.9108796296296297,
    "recall": 0.8734739178690344,
    "f1-score": 0.8917847025495751,
    "support": 901,
    "confused_with": {}
  },
  "CPPLUS_CONTENT": {
    "precision": 1.0,
    "recall": 1.0,
    "f1-score": 1.0,
    "support": 1,
    "confused_with": {}
  },
  "micro avg": {
    "precision": 0.9114064230343301,
    "recall": 0.870899470899471,
    "f1-score": 0.8906926406926408,
    "support": 945
  },
  "macro avg": {
    "precision": 0.943977420402859,
    "recall": 0.8958091354137091,
    "f1-score": 0.9186607444712575,
    "support": 945
  },
  "weighted avg": {
    "precision": 0.9114368354012603,
    "recall": 0.870899470899471,
    "f1-score": 0.8906439267982303,
    "support": 945
  }
}