{
  "flowchart_quest_num": {
    "precision": 0.9130434782608695,
    "recall": 0.8235294117647058,
    "f1-score": 0.865979381443299,
    "support": 51,
    "confused_with": {}
  },
  "cpplus_content": {
    "precision": 0.8413524057217165,
    "recall": 0.6919786096256685,
    "f1-score": 0.7593896713615023,
    "support": 935,
    "confused_with": {}
  },
  "CPPLUS_CONTENT": {
    "precision": 1.0,
    "recall": 0.5,
    "f1-score": 0.6666666666666666,
    "support": 2,
    "confused_with": {
      "cpplus_content": 1
    }
  },
  "micro avg": {
    "precision": 0.8455882352941176,
    "recall": 0.6983805668016194,
    "f1-score": 0.7649667405764967,
    "support": 988
  },
  "macro avg": {
    "precision": 0.9181319613275286,
    "recall": 0.6718360071301248,
    "f1-score": 0.7640119064904893,
    "support": 988
  },
  "weighted avg": {
    "precision": 0.8453742072278434,
    "recall": 0.6983805668016194,
    "f1-score": 0.7647040733906337,
    "support": 988
  }
}