{
  "cpp_practice": {
    "precision": 0.5,
    "recall": 0.7272727272727273,
    "f1-score": 0.5925925925925926,
    "support": 11,
    "confused_with": {
      "insult": 1,
      "want_to_practice_flowchart": 1
    }
  },
  "want_to_practice_cpp": {
    "precision": 0.8333333333333334,
    "recall": 0.5357142857142857,
    "f1-score": 0.6521739130434783,
    "support": 28,
    "confused_with": {
      "want_to_watch_cpp_tutorial": 3,
      "feeling_good": 3
    }
  },
  "cpplus_why_asking": {
    "precision": 0.7540983606557377,
    "recall": 0.9019607843137255,
    "f1-score": 0.8214285714285715,
    "support": 102,
    "confused_with": {
      "cpplus_how_asking": 4,
      "deny": 1
    }
  },
  "dont_want_to_ask": {
    "precision": 0.7142857142857143,
    "recall": 0.7142857142857143,
    "f1-score": 0.7142857142857143,
    "support": 7,
    "confused_with": {
      "stop_asking": 2
    }
  },
  "corona": {
    "precision": 0.7142857142857143,
    "recall": 0.6666666666666666,
    "f1-score": 0.689655172413793,
    "support": 15,
    "confused_with": {
      "cpplus_what_asking": 2,
      "who_are_you": 1
    }
  },
  "who_are_you": {
    "precision": 0.5918367346938775,
    "recall": 0.6170212765957447,
    "f1-score": 0.6041666666666666,
    "support": 47,
    "confused_with": {
      "cpplus_what_asking": 10,
      "cpplus_why_asking": 2
    }
  },
  "insult": {
    "precision": 0.5892857142857143,
    "recall": 0.717391304347826,
    "f1-score": 0.6470588235294118,
    "support": 46,
    "confused_with": {
      "cpplus_example_asking": 2,
      "who_are_you": 2
    }
  },
  "goodbye": {
    "precision": 0.3333333333333333,
    "recall": 0.14285714285714285,
    "f1-score": 0.2,
    "support": 7,
    "confused_with": {
      "insult": 3,
      "greet": 2
    }
  },
  "deny": {
    "precision": 0.5882352941176471,
    "recall": 0.5,
    "f1-score": 0.5405405405405405,
    "support": 40,
    "confused_with": {
      "cpplus_what_asking": 4,
      "who_are_you": 3
    }
  },
  "feeling_good": {
    "precision": 0.52,
    "recall": 0.6190476190476191,
    "f1-score": 0.5652173913043478,
    "support": 21,
    "confused_with": {
      "health_inquire": 4,
      "who_are_you": 1
    }
  },
  "feeling_bad": {
    "precision": 0.375,
    "recall": 0.25,
    "f1-score": 0.3,
    "support": 12,
    "confused_with": {
      "insult": 2,
      "goodbye": 2
    }
  },
  "cpplus_what_asking": {
    "precision": 0.7162162162162162,
    "recall": 0.8238341968911918,
    "f1-score": 0.7662650602409639,
    "support": 193,
    "confused_with": {
      "cpplus_why_asking": 6,
      "cpp_practice": 4
    }
  },
  "stop_asking": {
    "precision": 0.5357142857142857,
    "recall": 0.45454545454545453,
    "f1-score": 0.49180327868852464,
    "support": 33,
    "confused_with": {
      "who_are_you": 3,
      "dont_want_to_give_flowchart_quest_num": 2
    }
  },
  "date": {
    "precision": 0.0,
    "recall": 0.0,
    "f1-score": 0.0,
    "support": 3,
    "confused_with": {
      "out_of_scope": 1,
      "who_are_you": 1,
      "want_to_ask": 1
    }
  },
  "compliment": {
    "precision": 0.24324324324324326,
    "recall": 0.42857142857142855,
    "f1-score": 0.3103448275862069,
    "support": 21,
    "confused_with": {
      "insult": 4,
      "want_to_practice_cpp": 1
    }
  },
  "affirm": {
    "precision": 0.5,
    "recall": 0.09090909090909091,
    "f1-score": 0.15384615384615385,
    "support": 11,
    "confused_with": {
      "greet": 2,
      "feeling_good": 2
    }
  },
  "thanks": {
    "precision": 0.7142857142857143,
    "recall": 0.7142857142857143,
    "f1-score": 0.7142857142857143,
    "support": 14,
    "confused_with": {
      "insult": 2,
      "cpplus_why_asking": 1
    }
  },
  "flowchart_asking": {
    "precision": 0.8709677419354839,
    "recall": 0.8181818181818182,
    "f1-score": 0.84375,
    "support": 33,
    "confused_with": {
      "want_to_watch_cpp_tutorial": 2,
      "out_of_scope": 1
    }
  },
  "dont_want_to_give_cpp_content": {
    "precision": 0.0,
    "recall": 0.0,
    "f1-score": 0.0,
    "support": 2,
    "confused_with": {
      "dont_want_to_give_flowchart_quest_num": 2
    }
  },
  "want_to_ask": {
    "precision": 0.7241379310344828,
    "recall": 0.75,
    "f1-score": 0.736842105263158,
    "support": 28,
    "confused_with": {
      "cpplus_what_asking": 2,
      "out_of_scope": 1
    }
  },
  "continue_asking": {
    "precision": 0.6923076923076923,
    "recall": 0.6923076923076923,
    "f1-score": 0.6923076923076923,
    "support": 13,
    "confused_with": {
      "cpplus_how_asking": 1,
      "greet": 1
    }
  },
  "time": {
    "precision": 1.0,
    "recall": 0.5,
    "f1-score": 0.6666666666666666,
    "support": 4,
    "confused_with": {
      "deny": 1,
      "cpplus_what_asking": 1
    }
  },
  "attention": {
    "precision": 0.42857142857142855,
    "recall": 0.23076923076923078,
    "f1-score": 0.3,
    "support": 13,
    "confused_with": {
      "greet": 4,
      "stop_asking": 3
    }
  },
  "cpplus_specific_video_tutorial_asking": {
    "precision": 0.6923076923076923,
    "recall": 0.8181818181818182,
    "f1-score": 0.7500000000000001,
    "support": 33,
    "confused_with": {
      "want_to_watch_cpp_tutorial": 3,
      "dont_want_to_give_flowchart_quest_num": 1
    }
  },
  "out_of_scope": {
    "precision": 0.2608695652173913,
    "recall": 0.14285714285714285,
    "f1-score": 0.1846153846153846,
    "support": 42,
    "confused_with": {
      "cpplus_what_asking": 10,
      "compliment": 7
    }
  },
  "greet": {
    "precision": 0.5,
    "recall": 0.5,
    "f1-score": 0.5,
    "support": 30,
    "confused_with": {
      "who_are_you": 3,
      "cpplus_what_asking": 3
    }
  },
  "health_inquire": {
    "precision": 0.8235294117647058,
    "recall": 0.8076923076923077,
    "f1-score": 0.8155339805825242,
    "support": 52,
    "confused_with": {
      "compliment": 5,
      "who_create_you": 1
    }
  },
  "want_to_watch_cpp_tutorial": {
    "precision": 0.717948717948718,
    "recall": 0.6829268292682927,
    "f1-score": 0.7000000000000001,
    "support": 41,
    "confused_with": {
      "cpplus_specific_video_tutorial_asking": 5,
      "want_to_practice_cpp": 2
    }
  },
  "cpplus_where_asking": {
    "precision": 0.0,
    "recall": 0.0,
    "f1-score": 0.0,
    "support": 3,
    "confused_with": {
      "out_of_scope": 1,
      "cpplus_why_asking": 1,
      "cpplus_how_asking": 1
    }
  },
  "cpplus_when_asking": {
    "precision": 0.0,
    "recall": 0.0,
    "f1-score": 0.0,
    "support": 4,
    "confused_with": {
      "cpplus_how_asking": 2,
      "cpplus_why_asking": 2
    }
  },
  "dont_want_to_give_flowchart_quest_num": {
    "precision": 0.6666666666666666,
    "recall": 0.4827586206896552,
    "f1-score": 0.56,
    "support": 29,
    "confused_with": {
      "cpplus_why_asking": 8,
      "flowchart_asking": 2
    }
  },
  "cpplus_how_asking": {
    "precision": 0.8736842105263158,
    "recall": 0.8972972972972973,
    "f1-score": 0.8853333333333333,
    "support": 185,
    "confused_with": {
      "cpplus_what_asking": 10,
      "cpplus_why_asking": 4
    }
  },
  "want_to_practice_flowchart": {
    "precision": 0.6818181818181818,
    "recall": 0.5357142857142857,
    "f1-score": 0.6,
    "support": 28,
    "confused_with": {
      "cpplus_what_asking": 8,
      "cpplus_example_asking": 2
    }
  },
  "cpplus_example_asking": {
    "precision": 0.8253968253968254,
    "recall": 0.9285714285714286,
    "f1-score": 0.8739495798319328,
    "support": 56,
    "confused_with": {
      "cpplus_specific_video_tutorial_asking": 1,
      "insult": 1
    }
  },
  "who_create_you": {
    "precision": 0.7692307692307693,
    "recall": 0.47619047619047616,
    "f1-score": 0.588235294117647,
    "support": 21,
    "confused_with": {
      "out_of_scope": 3,
      "who_are_you": 3
    }
  },
  "accuracy": 0.7003257328990228,
  "macro avg": {
    "precision": 0.5643025855193397,