{
  "flowchart_quest_num": {
    "precision": 0.9666666666666667,
    "recall": 0.7073170731707317,
    "f1-score": 0.8169014084507042,
    "support": 41,
    "confused_with": {
      "cpplus_content": 2
    }
  },
  "cpplus_content": {
    "precision": 0.868995633187773,
    "recall": 0.6357827476038339,
    "f1-score": 0.7343173431734318,
    "support": 939,
    "confused_with": {
      "flowchart_quest_num": 1
    }
  },
  "micro avg": {
    "precision": 0.8730822873082287,
    "recall": 0.6387755102040816,
    "f1-score": 0.7377725397760754,
    "support": 980
  },
  "macro avg": {
    "precision": 0.9178311499272198,
    "recall": 0.6715499103872828,
    "f1-score": 0.775609375812068,
    "support": 980
  },
  "weighted avg": {
    "precision": 0.8730818703027063,
    "recall": 0.6387755102040816,
    "f1-score": 0.7377723908023789,
    "support": 980
  }
}