{
  "flowchart_quest_num": {
    "precision": 0.9318181818181818,
    "recall": 0.9534883720930233,
    "f1-score": 0.942528735632184,
    "support": 43,
    "confused_with": {}
  },
  "cpplus_content": {
    "precision": 0.9670731707317073,
    "recall": 0.8801331853496115,
    "f1-score": 0.9215572341661824,
    "support": 901,
    "confused_with": {}
  },
  "CPPLUS_CONTENT": {
    "precision": 0.0,
    "recall": 0.0,
    "f1-score": 0.0,
    "support": 1,
    "confused_with": {
      "cpplus_content": 1
    }
  },
  "micro avg": {
    "precision": 0.9652777777777778,
    "recall": 0.8825396825396825,
    "f1-score": 0.9220563847429519,
    "support": 945
  },
  "macro avg": {
    "precision": 0.6329637841832964,
    "recall": 0.6112071858142115,
    "f1-score": 0.6213619899327888,
    "support": 945
  },
  "weighted avg": {
    "precision": 0.9644456176163492,
    "recall": 0.8825396825396825,
    "f1-score": 0.9215363001226606,
    "support": 945
  }
}