{
  "CPPLUS_CONTENT": {
    "precision": 1.0,
    "recall": 1.0,
    "f1-score": 1.0,
    "support": 1,
    "confused_with": {}
  },
  "flowchart_quest_num": {
    "precision": 0.9090909090909091,
    "recall": 0.9302325581395349,
    "f1-score": 0.9195402298850575,
    "support": 43,
    "confused_with": {
      "cpplus_content": 1
    }
  },
  "cpplus_content": {
    "precision": 0.9155555555555556,
    "recall": 0.9015317286652079,
    "f1-score": 0.908489525909592,
    "support": 914,
    "confused_with": {
      "flowchart_quest_num": 2
    }
  },
  "micro avg": {
    "precision": 0.9153439153439153,
    "recall": 0.9029227557411273,
    "f1-score": 0.9090909090909091,
    "support": 958
  },
  "macro avg": {
    "precision": 0.9415488215488216,
    "recall": 0.9439214289349143,
    "f1-score": 0.9426765852648832,
    "support": 958
  },
  "weighted avg": {
    "precision": 0.9153535353535354,
    "recall": 0.9029227557411273,
    "f1-score": 0.9090810611340547,
    "support": 958
  }
}