{
  "cpplus_why_asking": {
    "precision": 0.9693877551020408,
    "recall": 0.9313725490196079,
    "f1-score": 0.95,
    "support": 102,
    "confused_with": {
      "cpplus_how_asking": 5,
      "want_to_practice_cpp": 1
    }
  },
  "stop_asking": {
    "precision": 0.896551724137931,
    "recall": 0.8387096774193549,
    "f1-score": 0.8666666666666666,
    "support": 31,
    "confused_with": {
      "dont_want_to_give_flowchart_quest_num": 1,
      "goodbye": 1
    }
  },
  "goodbye": {
    "precision": 0.3333333333333333,
    "recall": 0.14285714285714285,
    "f1-score": 0.2,
    "support": 7,
    "confused_with": {
      "continue_asking": 2,
      "who_create_you": 1,
      "feeling_bad": 1
    }
  },
  "want_to_practice_flowchart": {
    "precision": 0.9259259259259259,
    "recall": 0.8928571428571429,
    "f1-score": 0.9090909090909091,
    "support": 28,
    "confused_with": {
      "flowchart_asking": 1,
      "cpp_practice": 1
    }
  },
  "dont_want_to_give_cpp_content": {
    "precision": 0.0,
    "recall": 0.0,
    "f1-score": 0.0,
    "support": 2,
    "confused_with": {
      "dont_want_to_give_flowchart_quest_num": 2
    }
  },
  "who_are_you": {
    "precision": 0.8695652173913043,
    "recall": 0.8695652173913043,
    "f1-score": 0.8695652173913043,
    "support": 46,
    "confused_with": {
      "cpplus_what_asking": 3,
      "deny": 1
    }
  },
  "dont_want_to_ask": {
    "precision": 1.0,
    "recall": 0.7142857142857143,
    "f1-score": 0.8333333333333333,
    "support": 7,
    "confused_with": {
      "cpplus_why_asking": 1,
      "stop_asking": 1
    }
  },
  "want_to_practice_cpp": {
    "precision": 0.9,
    "recall": 0.9642857142857143,
    "f1-score": 0.9310344827586207,
    "support": 28,
    "confused_with": {
      "want_to_watch_cpp_tutorial": 1
    }
  },
  "insult": {
    "precision": 0.8478260869565217,
    "recall": 0.8666666666666667,
    "f1-score": 0.8571428571428571,
    "support": 45,
    "confused_with": {
      "greet": 2,
      "affirm": 1
    }
  },
  "out_of_scope": {
    "precision": 0.68,
    "recall": 0.5,
    "f1-score": 0.576271186440678,
    "support": 34,
    "confused_with": {
      "insult": 3,
      "feeling_bad": 3
    }
  },
  "compliment": {
    "precision": 0.7368421052631579,
    "recall": 0.7,
    "f1-score": 0.717948717948718,
    "support": 20,
    "confused_with": {
      "greet": 3,
      "continue_asking": 1
    }
  },
  "time": {
    "precision": 0.5,
    "recall": 0.25,
    "f1-score": 0.3333333333333333,
    "support": 4,
    "confused_with": {
      "out_of_scope": 3
    }
  },
  "who_create_you": {
    "precision": 0.8947368421052632,
    "recall": 0.85,
    "f1-score": 0.8717948717948718,
    "support": 20,
    "confused_with": {
      "want_to_watch_cpp_tutorial": 1,
      "who_are_you": 1
    }
  },
  "cpp_practice": {
    "precision": 0.9090909090909091,
    "recall": 0.8333333333333334,
    "f1-score": 0.8695652173913043,
    "support": 12,
    "confused_with": {
      "want_to_practice_flowchart": 1,
      "want_to_practice_cpp": 1
    }
  },
  "feeling_good": {
    "precision": 0.7619047619047619,
    "recall": 0.7619047619047619,
    "f1-score": 0.7619047619047619,
    "support": 21,
    "confused_with": {
      "thanks": 2,
      "health_inquire": 1
    }
  },
  "cpplus_where_asking": {
    "precision": 0.75,
    "recall": 1.0,
    "f1-score": 0.8571428571428571,
    "support": 3,
    "confused_with": {}
  },
  "attention": {
    "precision": 0.75,
    "recall": 0.6923076923076923,
    "f1-score": 0.7199999999999999,
    "support": 13,
    "confused_with": {
      "insult": 2,
      "out_of_scope": 1
    }
  },
  "cpplus_when_asking": {
    "precision": 1.0,
    "recall": 1.0,
    "f1-score": 1.0,
    "support": 4,
    "confused_with": {}
  },
  "feeling_bad": {
    "precision": 0.5384615384615384,
    "recall": 0.7,
    "f1-score": 0.608695652173913,
    "support": 10,
    "confused_with": {
      "out_of_scope": 2,
      "affirm": 1
    }
  },
  "greet": {
    "precision": 0.75,
    "recall": 0.9,
    "f1-score": 0.8181818181818182,
    "support": 30,
    "confused_with": {
      "attention": 2,
      "out_of_scope": 1
    }
  },
  "cpplus_example_asking": {
    "precision": 0.9649122807017544,
    "recall": 1.0,
    "f1-score": 0.9821428571428572,
    "support": 55,
    "confused_with": {}
  },
  "want_to_watch_cpp_tutorial": {
    "precision": 0.8478260869565217,
    "recall": 0.975,
    "f1-score": 0.9069767441860466,
    "support": 40,
    "confused_with": {
      "want_to_practice_cpp": 1
    }
  },
  "cpplus_what_asking": {
    "precision": 0.9487179487179487,
    "recall": 0.9635416666666666,
    "f1-score": 0.9560723514211885,
    "support": 192,
    "confused_with": {
      "cpplus_how_asking": 2,
      "who_are_you": 1
    }
  },
  "dont_want_to_give_flowchart_quest_num": {
    "precision": 0.8387096774193549,
    "recall": 0.896551724137931,
    "f1-score": 0.8666666666666666,
    "support": 29,
    "confused_with": {
      "flowchart_asking": 2,
      "deny": 1
    }
  },
  "health_inquire": {
    "precision": 0.9615384615384616,
    "recall": 0.9615384615384616,
    "f1-score": 0.9615384615384616,
    "support": 52,
    "confused_with": {
      "feeling_good": 2
    }
  },
  "flowchart_asking": {
    "precision": 0.8823529411764706,
    "recall": 0.9090909090909091,
    "f1-score": 0.8955223880597014,
    "support": 33,
    "confused_with": {
      "out_of_scope": 1,
      "cpplus_how_asking": 1
    }
  },
  "date": {
    "precision": 1.0,
    "recall": 0.6666666666666666,
    "f1-score": 0.8,
    "support": 3,
    "confused_with": {
      "feeling_good": 1
    }
  },
  "thanks": {
    "precision": 0.7647058823529411,
    "recall": 0.9285714285714286,
    "f1-score": 0.8387096774193549,
    "support": 14,
    "confused_with": {
      "greet": 1
    }
  },
  "cpplus_how_asking": {
    "precision": 0.9467455621301775,
    "recall": 0.9696969696969697,
    "f1-score": 0.9580838323353293,
    "support": 165,
    "confused_with": {
      "cpplus_specific_video_tutorial_asking": 1,
      "cpplus_what_asking": 1
    }
  },
  "continue_asking": {
    "precision": 0.75,
    "recall": 0.75,
    "f1-score": 0.75,
    "support": 12,
    "confused_with": {
      "want_to_ask": 3
    }
  },
  "cpplus_specific_video_tutorial_asking": {
    "precision": 0.9642857142857143,
    "recall": 0.84375,
    "f1-score": 0.8999999999999999,
    "support": 32,
    "confused_with": {
      "want_to_watch_cpp_tutorial": 4,
      "cpplus_what_asking": 1
    }
  },
  "want_to_ask": {
    "precision": 0.8181818181818182,
    "recall": 0.9642857142857143,
    "f1-score": 0.8852459016393442,
    "support": 28,
    "confused_with": {
      "compliment": 1
    }
  },
  "deny": {
    "precision": 0.8974358974358975,
    "recall": 0.8974358974358975,
    "f1-score": 0.8974358974358975,
    "support": 39,
    "confused_with": {
      "want_to_ask": 1,
      "insult": 1
    }
  },
  "affirm": {
    "precision": 0.6666666666666666,
    "recall": 0.4,
    "f1-score": 0.5,
    "support": 10,
    "confused_with": {
      "who_are_you": 1,
      "compliment": 1
    }
  },
  "corona": {
    "precision": 1.0,
    "recall": 1.0,
    "f1-score": 1.0,
    "support": 15,
    "confused_with": {}
  },
  "accuracy": 0.893760539629005,
  "macro avg": {
    "precision": 0.8075915753496119,
    "recall": 0.7866935728691166,
    "f1-score": 0.7900019045868798,
    "support": 1186
  },
  "weighted avg": {
    "precision": 0.8901825178702114,
    "recall": 0.893760539629005,
    "f1-score": 0.8896931120112092,
    "support": 1186
  }
}