{
  "CPPLUS_CONTENT": {
    "precision": 0.0,
    "recall": 0.0,
    "f1-score": 0.0,
    "support": 1,
    "confused_with": {
      "cpplus_content": 1
    }
  },
  "flowchart_quest_num": {
    "precision": 1.0,
    "recall": 0.9069767441860465,
    "f1-score": 0.951219512195122,
    "support": 43,
    "confused_with": {}
  },
  "cpplus_content": {
    "precision": 0.9544807965860598,
    "recall": 0.7341356673960613,
    "f1-score": 0.8299319727891156,
    "support": 914,
    "confused_with": {}
  },
  "micro avg": {
    "precision": 0.9568733153638814,
    "recall": 0.7411273486430062,
    "f1-score": 0.8352941176470587,
    "support": 958
  },
  "macro avg": {
    "precision": 0.65149359886202,
    "recall": 0.5470374705273692,
    "f1-score": 0.5937171616614125,
    "support": 958
  },
  "weighted avg": {
    "precision": 0.9555276075988086,
    "recall": 0.7411273486430062,
    "f1-score": 0.8345096682188328,
    "support": 958
  }
}