{
  "cpplus_why_asking": {
    "precision": 0.775,
    "recall": 0.9117647058823529,
    "f1-score": 0.8378378378378379,
    "support": 102,
    "confused_with": {
      "cpplus_what_asking": 4,
      "cpplus_how_asking": 3
    }
  },
  "stop_asking": {
    "precision": 0.47368421052631576,
    "recall": 0.5806451612903226,
    "f1-score": 0.5217391304347826,
    "support": 31,
    "confused_with": {
      "deny": 2,
      "want_to_ask": 2
    }
  },
  "goodbye": {
    "precision": 0.5,
    "recall": 0.2857142857142857,
    "f1-score": 0.36363636363636365,
    "support": 7,
    "confused_with": {
      "affirm": 1,
      "want_to_ask": 1
    }
  },
  "want_to_practice_flowchart": {
    "precision": 0.9,
    "recall": 0.6428571428571429,
    "f1-score": 0.75,
    "support": 28,
    "confused_with": {
      "want_to_watch_cpp_tutorial": 3,
      "flowchart_asking": 3
    }
  },
  "dont_want_to_give_cpp_content": {
    "precision": 0.0,
    "recall": 0.0,
    "f1-score": 0.0,
    "support": 2,
    "confused_with": {
      "dont_want_to_give_flowchart_quest_num": 1,
      "cpplus_why_asking": 1
    }
  },
  "who_are_you": {
    "precision": 0.7368421052631579,
    "recall": 0.6086956521739131,
    "f1-score": 0.6666666666666666,
    "support": 46,
    "confused_with": {
      "cpplus_what_asking": 10,
      "insult": 3
    }
  },
  "dont_want_to_ask": {
    "precision": 0.6666666666666666,
    "recall": 0.2857142857142857,
    "f1-score": 0.4,
    "support": 7,
    "confused_with": {
      "stop_asking": 3,
      "out_of_scope": 1
    }
  },
  "want_to_practice_cpp": {
    "precision": 0.6470588235294118,
    "recall": 0.7857142857142857,
    "f1-score": 0.7096774193548386,
    "support": 28,
    "confused_with": {
      "dont_want_to_give_flowchart_quest_num": 2,
      "cpp_practice": 2
    }
  },
  "insult": {
    "precision": 0.6346153846153846,
    "recall": 0.7333333333333333,
    "f1-score": 0.6804123711340205,
    "support": 45,
    "confused_with": {
      "who_are_you": 3,
      "thanks": 2
    }
  },
  "out_of_scope": {
    "precision": 0.24,
    "recall": 0.17647058823529413,
    "f1-score": 0.20338983050847456,
    "support": 34,
    "confused_with": {
      "cpplus_what_asking": 11,
      "cpplus_how_asking": 3
    }
  },
  "compliment": {
    "precision": 0.3888888888888889,
    "recall": 0.35,
    "f1-score": 0.36842105263157887,
    "support": 20,
    "confused_with": {
      "insult": 2,
      "greet": 2
    }
  },
  "time": {
    "precision": 0.4,
    "recall": 0.5,
    "f1-score": 0.4444444444444445,
    "support": 4,
    "confused_with": {
      "deny": 1,
      "want_to_ask": 1
    }
  },
  "who_create_you": {
    "precision": 0.7222222222222222,
    "recall": 0.65,
    "f1-score": 0.6842105263157895,
    "support": 20,
    "confused_with": {
      "cpplus_what_asking": 2,
      "thanks": 1
    }
  },
  "cpp_practice": {
    "precision": 0.6,
    "recall": 0.75,
    "f1-score": 0.6666666666666665,
    "support": 12,
    "confused_with": {
      "cpplus_specific_video_tutorial_asking": 1,
      "want_to_watch_cpp_tutorial": 1
    }
  },
  "feeling_good": {
    "precision": 0.6842105263157895,
    "recall": 0.6190476190476191,
    "f1-score": 0.6500000000000001,
    "support": 21,
    "confused_with": {
      "out_of_scope": 2,
      "health_inquire": 2
    }
  },
  "cpplus_where_asking": {
    "precision": 1.0,
    "recall": 0.6666666666666666,
    "f1-score": 0.8,
    "support": 3,
    "confused_with": {
      "cpplus_how_asking": 1
    }
  },
  "attention": {
    "precision": 0.3333333333333333,
    "recall": 0.15384615384615385,
    "f1-score": 0.21052631578947367,
    "support": 13,
    "confused_with": {
      "greet": 3,
      "insult": 2
    }
  },
  "cpplus_when_asking": {
    "precision": 0.6666666666666666,
    "recall": 0.5,
    "f1-score": 0.5714285714285715,
    "support": 4,
    "confused_with": {
      "cpplus_how_asking": 1,
      "cpplus_why_asking": 1
    }
  },
  "feeling_bad": {
    "precision": 0.5,
    "recall": 0.4,
    "f1-score": 0.4444444444444445,
    "support": 10,
    "confused_with": {
      "compliment": 2,
      "affirm": 1
    }
  },
  "greet": {
    "precision": 0.68,
    "recall": 0.5666666666666667,
    "f1-score": 0.6181818181818183,
    "support": 30,
    "confused_with": {
      "cpplus_what_asking": 4,
      "insult": 4
    }
  },
  "cpplus_example_asking": {
    "precision": 0.85,
    "recall": 0.9272727272727272,
    "f1-score": 0.8869565217391303,
    "support": 55,
    "confused_with": {
      "cpplus_what_asking": 2,
      "cpplus_how_asking": 1
    }
  },
  "want_to_watch_cpp_tutorial": {
    "precision": 0.6097560975609756,
    "recall": 0.625,
    "f1-score": 0.6172839506172839,
    "support": 40,
    "confused_with": {
      "want_to_practice_cpp": 7,
      "who_create_you": 2
    }
  },
  "cpplus_what_asking": {
    "precision": 0.7130434782608696,
    "recall": 0.8541666666666666,
    "f1-score": 0.7772511848341233,
    "support": 192,
    "confused_with": {
      "cpplus_example_asking": 6,
      "cpp_practice": 3
    }
  },
  "dont_want_to_give_flowchart_quest_num": {
    "precision": 0.6818181818181818,
    "recall": 0.5172413793103449,
    "f1-score": 0.5882352941176471,
    "support": 29,
    "confused_with": {
      "cpplus_why_asking": 10,
      "cpplus_specific_video_tutorial_asking": 1
    }
  },
  "health_inquire": {
    "precision": 0.9024390243902439,
    "recall": 0.7115384615384616,
    "f1-score": 0.7956989247311829,
    "support": 52,
    "confused_with": {
      "cpplus_what_asking": 3,
      "stop_asking": 2
    }
  },
  "flowchart_asking": {
    "precision": 0.8333333333333334,
    "recall": 0.7575757575757576,
    "f1-score": 0.7936507936507938,
    "support": 33,
    "confused_with": {
      "cpplus_how_asking": 2,
      "want_to_watch_cpp_tutorial": 1
    }
  },
  "date": {
    "precision": 1.0,
    "recall": 0.6666666666666666,
    "f1-score": 0.8,
    "support": 3,
    "confused_with": {
      "out_of_scope": 1
    }
  },
  "thanks": {
    "precision": 0.75,
    "recall": 0.8571428571428571,
    "f1-score": 0.7999999999999999,
    "support": 14,
    "confused_with": {
      "deny": 2
    }
  },
  "cpplus_how_asking": {
    "precision": 0.8987341772151899,
    "recall": 0.8606060606060606,
    "f1-score": 0.8792569659442724,
    "support": 165,
    "confused_with": {
      "cpplus_what_asking": 10,
      "cpplus_why_asking": 4
    }
  },
  "continue_asking": {
    "precision": 0.5454545454545454,
    "recall": 0.5,
    "f1-score": 0.5217391304347826,
    "support": 12,
    "confused_with": {
      "stop_asking": 2,
      "affirm": 1
    }
  },
  "cpplus_specific_video_tutorial_asking": {
    "precision": 0.7241379310344828,
    "recall": 0.65625,
    "f1-score": 0.6885245901639345,
    "support": 32,
    "confused_with": {
      "cpplus_what_asking": 4,
      "want_to_watch_cpp_tutorial": 3
    }
  },
  "want_to_ask": {
    "precision": 0.6363636363636364,
    "recall": 0.75,
    "f1-score": 0.6885245901639345,
    "support": 28,
    "confused_with": {
      "stop_asking": 2,
      "affirm": 1
    }
  },
  "deny": {
    "precision": 0.65,
    "recall": 0.6666666666666666,
    "f1-score": 0.6582278481012659,
    "support": 39,
    "confused_with": {
      "cpplus_what_asking": 2,
      "cpplus_why_asking": 2
    }
  },
  "affirm": {
    "precision": 0.25,
    "recall": 0.2,
    "f1-score": 0.22222222222222224,
    "support": 10,
    "confused_with": {
      "stop_asking": 2,
      "compliment": 2
    }
  },
  "corona": {
    "precision": 0.8181818181818182,
    "recall": 0.6,
    "f1-score": 0.6923076923076923,
    "support": 15,
    "confused_with": {
      "cpplus_what_asking": 4,
      "insult": 1
    }
  },
  "accuracy": 0.7175379426644182,
  "macro avg": {
    "precision": 0.6403557443326031,
    "recall": 0.5804932511596724,
    "f1-score": 0.6000446619572583,
    "support": 1186
  },
  "weighted avg": {
    "precision": 0.7152745882090866,