{
  "flowchart_quest_num": {
    "precision": 0.9545454545454546,
    "recall": 0.9767441860465116,
    "f1-score": 0.9655172413793104,
    "support": 43,
    "confused_with": {}
  },
  "cpplus_content": {
    "precision": 0.9746376811594203,
    "recall": 0.8956714761376249,
    "f1-score": 0.9334875650665124,
    "support": 901,
    "confused_with": {}
  },
  "CPPLUS_CONTENT": {
    "precision": 0.0,
    "recall": 0.0,
    "f1-score": 0.0,
    "support": 1,
    "confused_with": {
      "cpplus_content": 1
    }
  },
  "micro avg": {
    "precision": 0.9736238532110092,
    "recall": 0.8984126984126984,
    "f1-score": 0.9345074298293891,
    "support": 945
  },
  "macro avg": {
    "precision": 0.6430610452349583,
    "recall": 0.6241385540613789,
    "f1-score": 0.6330016021486076,
    "support": 945
  },
  "weighted avg": {
    "precision": 0.9726920690688806,
    "recall": 0.8984126984126984,
    "f1-score": 0.9339571825441673,
    "support": 945
  }
}