{
  "greet": {
    "precision": 0.9142857142857143,
    "recall": 0.8767123287671232,
    "f1-score": 0.8951048951048951,
    "support": 73,
    "confused_with": {
      "out_of_scope": 2,
      "deny": 2
    }
  },
  "cpplus_why_asking": {
    "precision": 0.9921568627450981,
    "recall": 1.0,
    "f1-score": 0.9960629921259843,
    "support": 253,
    "confused_with": {}
  },
  "continue_asking": {
    "precision": 0.9166666666666666,
    "recall": 1.0,
    "f1-score": 0.9565217391304348,
    "support": 44,
    "confused_with": {}
  },
  "cpp_practice": {
    "precision": 1.0,
    "recall": 0.8857142857142857,
    "f1-score": 0.9393939393939393,
    "support": 35,
    "confused_with": {
      "want_to_practice_flowchart": 3,
      "compliment": 1
    }
  },
  "time": {
    "precision": 1.0,
    "recall": 0.3,
    "f1-score": 0.4615384615384615,
    "support": 20,
    "confused_with": {
      "out_of_scope": 7,
      "cpplus_what_asking": 3
    }
  },
  "who_create_you": {
    "precision": 1.0,
    "recall": 1.0,
    "f1-score": 1.0,
    "support": 53,
    "confused_with": {}
  },
  "compliment": {
    "precision": 0.8947368421052632,
    "recall": 0.7555555555555555,
    "f1-score": 0.8192771084337349,
    "support": 45,
    "confused_with": {
      "out_of_scope": 3,
      "cpplus_example_asking": 2
    }
  },
  "deny": {
    "precision": 0.8461538461538461,
    "recall": 0.9705882352941176,
    "f1-score": 0.9041095890410958,
    "support": 68,
    "confused_with": {
      "goodbye": 1,
      "greet": 1
    }
  },
  "feeling_bad": {
    "precision": 0.9183673469387755,
    "recall": 1.0,
    "f1-score": 0.9574468085106383,
    "support": 45,
    "confused_with": {}
  },
  "want_to_practice_flowchart": {
    "precision": 0.9411764705882353,
    "recall": 0.9411764705882353,
    "f1-score": 0.9411764705882353,
    "support": 51,
    "confused_with": {
      "cpplus_how_asking": 1,
      "out_of_scope": 1
    }
  },
  "last_name": {
    "precision": 1.0,
    "recall": 1.0,
    "f1-score": 1.0,
    "support": 2,
    "confused_with": {}
  },
  "feeling_good": {
    "precision": 0.9666666666666667,
    "recall": 0.90625,
    "f1-score": 0.9354838709677419,
    "support": 64,
    "confused_with": {
      "out_of_scope": 2,
      "thanks": 1
    }
  },
  "nlu_fallback": {
    "precision": 0.0,
    "recall": 0.0,
    "f1-score": 0.0,
    "support": 2,
    "confused_with": {
      "out_of_scope": 2
    }
  },
  "cpplus_how_asking": {
    "precision": 0.96,
    "recall": 1.0,
    "f1-score": 0.9795918367346939,
    "support": 96,
    "confused_with": {}
  },
  "cpplus_when_asking": {
    "precision": 1.0,
    "recall": 1.0,
    "f1-score": 1.0,
    "support": 21,
    "confused_with": {}
  },
  "affirm": {
    "precision": 0.9642857142857143,
    "recall": 0.7105263157894737,
    "f1-score": 0.8181818181818182,
    "support": 38,
    "confused_with": {
      "greet": 3,
      "feeling_bad": 2
    }
  },
  "cpplus_what_asking": {
    "precision": 0.9810126582278481,
    "recall": 0.9851694915254238,
    "f1-score": 0.9830866807610994,
    "support": 472,
    "confused_with": {
      "out_of_scope": 3,
      "health_inquire": 1
    }
  },
  "stop_asking": {
    "precision": 0.9577464788732394,
    "recall": 0.9714285714285714,
    "f1-score": 0.9645390070921985,
    "support": 70,
    "confused_with": {
      "health_inquire": 2
    }
  },
  "cpplus_where_asking": {
    "precision": 1.0,
    "recall": 1.0,
    "f1-score": 1.0,
    "support": 14,
    "confused_with": {}
  },
  "dont_want_to_ask": {
    "precision": 1.0,
    "recall": 0.9433962264150944,
    "f1-score": 0.970873786407767,
    "support": 53,
    "confused_with": {
      "cpplus_what_asking": 2,
      "cpplus_why_asking": 1
    }
  },
  "corona": {
    "precision": 0.9534883720930233,
    "recall": 0.9761904761904762,
    "f1-score": 0.9647058823529412,
    "support": 42,
    "confused_with": {
      "insult": 1
    }
  },
  "date": {
    "precision": 0.875,
    "recall": 0.4375,
    "f1-score": 0.5833333333333334,
    "support": 16,
    "confused_with": {
      "out_of_scope": 7,
      "who_are_you": 1
    }
  },
  "insult": {
    "precision": 0.9915254237288136,
    "recall": 0.8863636363636364,
    "f1-score": 0.936,
    "support": 132,
    "confused_with": {
      "deny": 7,
      "attention": 3
    }
  },
  "first_name": {
    "precision": 1.0,
    "recall": 1.0,
    "f1-score": 1.0,
    "support": 2,
    "confused_with": {}
  },
  "goodbye": {
    "precision": 0.9,
    "recall": 1.0,
    "f1-score": 0.9473684210526316,
    "support": 27,
    "confused_with": {}
  },
  "who_are_you": {
    "precision": 0.9719626168224299,
    "recall": 0.9811320754716981,
    "f1-score": 0.9765258215962441,
    "support": 106,
    "confused_with": {
      "cpplus_how_asking": 1,
      "out_of_scope": 1
    }
  },
  "attention": {
    "precision": 0.8571428571428571,
    "recall": 0.8780487804878049,
    "f1-score": 0.8674698795180722,
    "support": 41,
    "confused_with": {
      "greet": 2,
      "out_of_scope": 2
    }
  },
  "health_inquire": {
    "precision": 0.9555555555555556,
    "recall": 1.0,
    "f1-score": 0.9772727272727273,
    "support": 129,
    "confused_with": {}
  },
  "out_of_scope": {
    "precision": 0.7226890756302521,
    "recall": 1.0,
    "f1-score": 0.8390243902439024,
    "support": 86,
    "confused_with": {}
  },
  "want_to_ask": {
    "precision": 1.0,
    "recall": 0.8857142857142857,
    "f1-score": 0.9393939393939393,
    "support": 35,
    "confused_with": {
      "continue_asking": 4
    }
  },
  "flowchart_asking": {
    "precision": 1.0,
    "recall": 1.0,
    "f1-score": 1.0,
    "support": 59,
    "confused_with": {}
  },
  "thanks": {
    "precision": 0.9428571428571428,
    "recall": 0.868421052631579,
    "f1-score": 0.904109589041096,
    "support": 38,
    "confused_with": {
      "cpplus_how_asking": 2,
      "feeling_bad": 1
    }
  },
  "cpplus_example_asking": {
    "precision": 0.9651162790697675,
    "recall": 1.0,
    "f1-score": 0.9822485207100593,
    "support": 83,
    "confused_with": {}
  },
  "accuracy": 0.9503239740820735,
  "macro avg": {
    "precision": 0.9208664421344519,
    "recall": 0.883632963270829,
    "f1-score": 0.8921164093493238,
    "support": 2315
  },
  "weighted avg": {
    "precision": 0.9540905791182349,
    "recall": 0.9503239740820735,
    "f1-score": 0.9481704417815383,
    "support": 2315
  }
}