{
  "flowchart_quest_num": {
    "precision": 0.8727272727272727,
    "recall": 0.9411764705882353,
    "f1-score": 0.9056603773584905,
    "support": 51,
    "confused_with": {}
  },
  "cpplus_content": {
    "precision": 0.9499341238471674,
    "recall": 0.7711229946524064,
    "f1-score": 0.8512396694214877,
    "support": 935,
    "confused_with": {}
  },
  "CPPLUS_CONTENT": {
    "precision": 1.0,
    "recall": 0.5,
    "f1-score": 0.6666666666666666,
    "support": 2,
    "confused_with": {
      "cpplus_content": 1
    }
  },
  "micro avg": {
    "precision": 0.9447852760736196,
    "recall": 0.7793522267206477,
    "f1-score": 0.8541320022185247,
    "support": 988
  },
  "macro avg": {
    "precision": 0.94088713219148,
    "recall": 0.7374331550802139,
    "f1-score": 0.8078555711488815,
    "support": 988
  },
  "weighted avg": {
    "precision": 0.9460500978807616,
    "recall": 0.7793522267206477,
    "f1-score": 0.853675205959218,
    "support": 988
  }
}