{
  "CPPLUS_CONTENT": {
    "precision": 1.0,
    "recall": 0.5,
    "f1-score": 0.6666666666666666,
    "support": 2,
    "confused_with": {
      "cpplus_content": 1
    }
  },
  "flowchart_quest_num": {
    "precision": 0.8636363636363636,
    "recall": 0.8636363636363636,
    "f1-score": 0.8636363636363636,
    "support": 44,
    "confused_with": {
      "cpplus_content": 2
    }
  },
  "cpplus_content": {
    "precision": 0.875,
    "recall": 0.798175598631699,
    "f1-score": 0.8348240906380441,
    "support": 877,
    "confused_with": {
      "flowchart_quest_num": 1
    }
  },
  "micro avg": {
    "precision": 0.8745562130177514,
    "recall": 0.800650054171181,
    "f1-score": 0.8359728506787331,
    "support": 923
  },
  "macro avg": {
    "precision": 0.912878787878788,
    "recall": 0.7206039874226876,
    "f1-score": 0.7883757069803581,
    "support": 923
  },
  "weighted avg": {
    "precision": 0.8747291440953413,
    "recall": 0.800650054171181,
    "f1-score": 0.8358332186596945,
    "support": 923
  }
}