{
  "cpplus_why_asking": {
    "precision": 0.9215686274509803,
    "recall": 0.9215686274509803,
    "f1-score": 0.9215686274509803,
    "support": 102,
    "confused_with": {
      "cpplus_what_asking": 2,
      "stop_asking": 2
    }
  },
  "stop_asking": {
    "precision": 0.7352941176470589,
    "recall": 0.8064516129032258,
    "f1-score": 0.7692307692307693,
    "support": 31,
    "confused_with": {
      "want_to_ask": 2,
      "dont_want_to_ask": 1
    }
  },
  "goodbye": {
    "precision": 0.6666666666666666,
    "recall": 0.2857142857142857,
    "f1-score": 0.4,
    "support": 7,
    "confused_with": {
      "greet": 3,
      "insult": 1
    }
  },
  "want_to_practice_flowchart": {
    "precision": 0.9230769230769231,
    "recall": 0.8571428571428571,
    "f1-score": 0.888888888888889,
    "support": 28,
    "confused_with": {
      "out_of_scope": 1,
      "health_inquire": 1
    }
  },
  "dont_want_to_give_cpp_content": {
    "precision": 0.5,
    "recall": 0.5,
    "f1-score": 0.5,
    "support": 2,
    "confused_with": {
      "stop_asking": 1
    }
  },
  "who_are_you": {
    "precision": 0.6666666666666666,
    "recall": 0.782608695652174,
    "f1-score": 0.72,
    "support": 46,
    "confused_with": {
      "cpplus_what_asking": 5,
      "who_create_you": 1
    }
  },
  "dont_want_to_ask": {
    "precision": 0.7777777777777778,
    "recall": 1.0,
    "f1-score": 0.8750000000000001,
    "support": 7,
    "confused_with": {}
  },
  "want_to_practice_cpp": {
    "precision": 0.8620689655172413,
    "recall": 0.8928571428571429,
    "f1-score": 0.8771929824561403,
    "support": 28,
    "confused_with": {
      "cpplus_specific_video_tutorial_asking": 2,
      "want_to_ask": 1
    }
  },
  "insult": {
    "precision": 0.8888888888888888,
    "recall": 0.7111111111111111,
    "f1-score": 0.7901234567901234,
    "support": 45,
    "confused_with": {
      "feeling_bad": 4,
      "compliment": 2
    }
  },
  "out_of_scope": {
    "precision": 0.47619047619047616,
    "recall": 0.29411764705882354,
    "f1-score": 0.3636363636363637,
    "support": 34,
    "confused_with": {
      "cpplus_what_asking": 6,
      "greet": 3
    }
  },
  "compliment": {
    "precision": 0.7222222222222222,
    "recall": 0.65,
    "f1-score": 0.6842105263157895,
    "support": 20,
    "confused_with": {
      "out_of_scope": 2,
      "continue_asking": 1
    }
  },
  "time": {
    "precision": 0.0,
    "recall": 0.0,
    "f1-score": 0.0,
    "support": 4,
    "confused_with": {
      "out_of_scope": 2,
      "attention": 1,
      "who_are_you": 1
    }
  },
  "who_create_you": {
    "precision": 0.8666666666666667,
    "recall": 0.65,
    "f1-score": 0.7428571428571429,
    "support": 20,
    "confused_with": {
      "who_are_you": 6,
      "cpplus_what_asking": 1
    }
  },
  "cpp_practice": {
    "precision": 0.75,
    "recall": 0.75,
    "f1-score": 0.75,
    "support": 12,
    "confused_with": {
      "cpplus_specific_video_tutorial_asking": 1,
      "want_to_practice_cpp": 1
    }
  },
  "feeling_good": {
    "precision": 0.7,
    "recall": 0.6666666666666666,
    "f1-score": 0.6829268292682926,
    "support": 21,
    "confused_with": {
      "health_inquire": 4,
      "insult": 1
    }
  },
  "cpplus_where_asking": {
    "precision": 0.6,
    "recall": 1.0,
    "f1-score": 0.7499999999999999,
    "support": 3,
    "confused_with": {}
  },
  "attention": {
    "precision": 0.5454545454545454,
    "recall": 0.46153846153846156,
    "f1-score": 0.4999999999999999,
    "support": 13,
    "confused_with": {
      "greet": 3,
      "feeling_bad": 2
    }
  },
  "cpplus_when_asking": {
    "precision": 1.0,
    "recall": 0.5,
    "f1-score": 0.6666666666666666,
    "support": 4,
    "confused_with": {
      "cpplus_how_asking": 1,
      "cpplus_what_asking": 1
    }
  },
  "feeling_bad": {
    "precision": 0.375,
    "recall": 0.6,
    "f1-score": 0.4615384615384615,
    "support": 10,
    "confused_with": {
      "cpplus_what_asking": 1,
      "feeling_good": 1
    }
  },
  "greet": {
    "precision": 0.6428571428571429,
    "recall": 0.9,
    "f1-score": 0.75,
    "support": 30,
    "confused_with": {
      "attention": 2,
      "insult": 1
    }
  },
  "cpplus_example_asking": {
    "precision": 0.9591836734693877,
    "recall": 0.8545454545454545,
    "f1-score": 0.9038461538461537,
    "support": 55,
    "confused_with": {
      "cpplus_what_asking": 6,
      "cpplus_how_asking": 1
    }
  },
  "want_to_watch_cpp_tutorial": {
    "precision": 0.7755102040816326,
    "recall": 0.95,
    "f1-score": 0.8539325842696629,
    "support": 40,
    "confused_with": {
      "cpplus_specific_video_tutorial_asking": 2
    }
  },
  "cpplus_what_asking": {
    "precision": 0.8390243902439024,
    "recall": 0.8958333333333334,
    "f1-score": 0.8664987405541561,
    "support": 192,
    "confused_with": {
      "who_are_you": 3,
      "cpplus_specific_video_tutorial_asking": 3
    }
  },
  "dont_want_to_give_flowchart_quest_num": {
    "precision": 1.0,
    "recall": 0.7586206896551724,
    "f1-score": 0.8627450980392156,
    "support": 29,
    "confused_with": {
      "cpplus_why_asking": 2,
      "cpplus_what_asking": 1
    }
  },
  "health_inquire": {
    "precision": 0.8135593220338984,
    "recall": 0.9230769230769231,
    "f1-score": 0.8648648648648649,
    "support": 52,
    "confused_with": {
      "cpplus_what_asking": 2,
      "greet": 1
    }
  },
  "flowchart_asking": {
    "precision": 0.8857142857142857,
    "recall": 0.9393939393939394,
    "f1-score": 0.9117647058823529,
    "support": 33,
    "confused_with": {
      "cpplus_why_asking": 1,
      "cpplus_how_asking": 1
    }
  },
  "date": {
    "precision": 1.0,
    "recall": 0.3333333333333333,
    "f1-score": 0.5,
    "support": 3,
    "confused_with": {
      "out_of_scope": 1,
      "want_to_ask": 1
    }
  },
  "thanks": {
    "precision": 0.9,
    "recall": 0.6428571428571429,
    "f1-score": 0.75,
    "support": 14,
    "confused_with": {
      "affirm": 1,
      "cpplus_why_asking": 1
    }
  },
  "cpplus_how_asking": {
    "precision": 0.9570552147239264,
    "recall": 0.9454545454545454,
    "f1-score": 0.9512195121951219,
    "support": 165,
    "confused_with": {
      "cpplus_what_asking": 2,
      "who_create_you": 1
    }
  },
  "continue_asking": {
    "precision": 0.6363636363636364,
    "recall": 0.5833333333333334,
    "f1-score": 0.6086956521739131,
    "support": 12,
    "confused_with": {
      "cpplus_what_asking": 2,
      "health_inquire": 1
    }
  },
  "cpplus_specific_video_tutorial_asking": {
    "precision": 0.75,
    "recall": 0.84375,
    "f1-score": 0.7941176470588235,
    "support": 32,
    "confused_with": {
      "want_to_watch_cpp_tutorial": 4,
      "want_to_practice_flowchart": 1
    }
  },
  "want_to_ask": {
    "precision": 0.8275862068965517,
    "recall": 0.8571428571428571,
    "f1-score": 0.8421052631578947,
    "support": 28,
    "confused_with": {
      "affirm": 1,
      "cpplus_what_asking": 1
    }
  },
  "deny": {
    "precision": 0.9,
    "recall": 0.9230769230769231,
    "f1-score": 0.9113924050632911,
    "support": 39,
    "confused_with": {
      "want_to_watch_cpp_tutorial": 1,
      "want_to_practice_flowchart": 1
    }
  },
  "affirm": {
    "precision": 0.6,
    "recall": 0.3,
    "f1-score": 0.4,
    "support": 10,
    "confused_with": {
      "cpplus_what_asking": 2,
      "continue_asking": 1
    }
  },
  "corona": {
    "precision": 0.9333333333333333,
    "recall": 0.9333333333333333,
    "f1-score": 0.9333333333333333,
    "support": 15,
    "confused_with": {
      "compliment": 1
    }
  },
  "accuracy": 0.8296795952782462,
  "macro avg": {
    "precision": 0.7542208558269661,
    "recall": 0.711815111903772,
    "f1-score": 0.7156673335868114,
    "support": 1186
  },
  "weighted avg": {
    "precision": 0.8305021878705823,
    "recall": 0.8296795952782462,
    "f1-score": 0.8244380316881579,
    "support": 1186
  }
}