{
  "flowchart_quest_num": {
    "precision": 0.9736842105263158,
    "recall": 0.9024390243902439,
    "f1-score": 0.9367088607594938,
    "support": 41,
    "confused_with": {}
  },
  "cpplus_content": {
    "precision": 0.8952879581151832,
    "recall": 0.9105431309904153,
    "f1-score": 0.9028511087645196,
    "support": 939,
    "confused_with": {
      "CPPLUS_CONTENT": 1
    }
  },
  "micro avg": {
    "precision": 0.8982880161127895,
    "recall": 0.9102040816326531,
    "f1-score": 0.9042067916877851,
    "support": 980
  },
  "macro avg": {
    "precision": 0.9344860843207495,
    "recall": 0.9064910776903297,
    "f1-score": 0.9197799847620067,
    "support": 980
  },
  "weighted avg": {
    "precision": 0.898567801328302,
    "recall": 0.9102040816326531,
    "f1-score": 0.9042676065520644,
    "support": 980
  }
}