{
  "flowchart_quest_num": {
    "precision": 1.0,
    "recall": 0.9767441860465116,
    "f1-score": 0.988235294117647,
    "support": 86,
    "confused_with": {}
  },
  "cpplus_content": {
    "precision": 0.9715210355987055,
    "recall": 0.6264607679465777,
    "f1-score": 0.7617356001014972,
    "support": 2396,
    "confused_with": {}
  },
  "CPPLUS_CONTENT": {
    "precision": 0.0,
    "recall": 0.0,
    "f1-score": 0.0,
    "support": 4,
    "confused_with": {}
  },
  "micro avg": {
    "precision": 0.9729895641497851,
    "recall": 0.6375703942075623,
    "f1-score": 0.7703523693803159,
    "support": 2486
  },
  "macro avg": {
    "precision": 0.6571736785329018,
    "recall": 0.5344016513310298,
    "f1-score": 0.5833236314063814,
    "support": 2486
  },
  "weighted avg": {
    "precision": 0.9709430415504821,
    "recall": 0.6375703942075625,
    "f1-score": 0.7683454276497607,
    "support": 2486
  }
}