{
  "flowchart_quest_num": {
    "precision": 0.975,
    "recall": 0.9512195121951219,
    "f1-score": 0.9629629629629629,
    "support": 41,
    "confused_with": {}
  },
  "cpplus_content": {
    "precision": 0.9637243047158404,
    "recall": 0.8487752928647497,
    "f1-score": 0.9026047565118912,
    "support": 939,
    "confused_with": {}
  },
  "micro avg": {
    "precision": 0.9642445213379469,
    "recall": 0.8530612244897959,
    "f1-score": 0.9052517596101787,
    "support": 980
  },
  "macro avg": {
    "precision": 0.9693621523579201,
    "recall": 0.8999974025299358,
    "f1-score": 0.9327838597374271,
    "support": 980
  },
  "weighted avg": {
    "precision": 0.9641960429879328,
    "recall": 0.8530612244897959,
    "f1-score": 0.905129946781783,
    "support": 980
  }
}