{
  "cpp_practice": {
    "precision": 0.6923076923076923,
    "recall": 0.8181818181818182,
    "f1-score": 0.7500000000000001,
    "support": 11,
    "confused_with": {
      "flowchart_asking": 1,
      "cpplus_how_asking": 1
    }
  },
  "want_to_practice_cpp": {
    "precision": 0.8846153846153846,
    "recall": 0.8214285714285714,
    "f1-score": 0.8518518518518519,
    "support": 28,
    "confused_with": {
      "cpplus_specific_video_tutorial_asking": 2,
      "out_of_scope": 1
    }
  },
  "cpplus_why_asking": {
    "precision": 0.9595959595959596,
    "recall": 0.9313725490196079,
    "f1-score": 0.945273631840796,
    "support": 102,
    "confused_with": {
      "want_to_watch_cpp_tutorial": 3,
      "dont_want_to_give_flowchart_quest_num": 1
    }
  },
  "dont_want_to_ask": {
    "precision": 0.42857142857142855,
    "recall": 0.42857142857142855,
    "f1-score": 0.42857142857142855,
    "support": 7,
    "confused_with": {
      "health_inquire": 2,
      "stop_asking": 2
    }
  },
  "corona": {
    "precision": 0.8571428571428571,
    "recall": 0.8,
    "f1-score": 0.8275862068965518,
    "support": 15,
    "confused_with": {
      "health_inquire": 1,
      "want_to_watch_cpp_tutorial": 1
    }
  },
  "who_are_you": {
    "precision": 0.6981132075471698,
    "recall": 0.7872340425531915,
    "f1-score": 0.74,
    "support": 47,
    "confused_with": {
      "cpplus_what_asking": 3,
      "who_create_you": 2
    }
  },
  "insult": {
    "precision": 0.5967741935483871,
    "recall": 0.8043478260869565,
    "f1-score": 0.6851851851851853,
    "support": 46,
    "confused_with": {
      "affirm": 2,
      "feeling_bad": 2
    }
  },
  "goodbye": {
    "precision": 0.5,
    "recall": 0.5714285714285714,
    "f1-score": 0.5333333333333333,
    "support": 7,
    "confused_with": {
      "want_to_practice_cpp": 1,
      "greet": 1
    }
  },
  "deny": {
    "precision": 0.7105263157894737,
    "recall": 0.675,
    "f1-score": 0.6923076923076923,
    "support": 40,
    "confused_with": {
      "insult": 3,
      "compliment": 3
    }
  },
  "feeling_good": {
    "precision": 0.6363636363636364,
    "recall": 0.3333333333333333,
    "f1-score": 0.43749999999999994,
    "support": 21,
    "confused_with": {
      "compliment": 3,
      "feeling_bad": 3
    }
  },
  "feeling_bad": {
    "precision": 0.4444444444444444,
    "recall": 0.6666666666666666,
    "f1-score": 0.5333333333333333,
    "support": 12,
    "confused_with": {
      "want_to_practice_flowchart": 1,
      "feeling_good": 1
    }
  },
  "cpplus_what_asking": {
    "precision": 0.901840490797546,
    "recall": 0.7616580310880829,
    "f1-score": 0.8258426966292134,
    "support": 193,
    "confused_with": {
      "cpplus_how_asking": 15,
      "who_are_you": 8
    }
  },
  "stop_asking": {
    "precision": 0.7575757575757576,
    "recall": 0.7575757575757576,
    "f1-score": 0.7575757575757576,
    "support": 33,
    "confused_with": {
      "insult": 2,
      "dont_want_to_ask": 2
    }
  },
  "date": {
    "precision": 1.0,
    "recall": 0.3333333333333333,
    "f1-score": 0.5,
    "support": 3,
    "confused_with": {
      "want_to_ask": 2
    }
  },
  "compliment": {
    "precision": 0.5,
    "recall": 0.5714285714285714,
    "f1-score": 0.5333333333333333,
    "support": 21,
    "confused_with": {
      "insult": 3,
      "cpplus_example_asking": 2
    }
  },
  "affirm": {
    "precision": 0.5,
    "recall": 0.45454545454545453,
    "f1-score": 0.47619047619047616,
    "support": 11,
    "confused_with": {
      "who_are_you": 1,
      "compliment": 1
    }
  },
  "thanks": {
    "precision": 0.75,
    "recall": 0.8571428571428571,
    "f1-score": 0.7999999999999999,
    "support": 14,
    "confused_with": {
      "out_of_scope": 1,
      "deny": 1
    }
  },
  "flowchart_asking": {
    "precision": 0.8529411764705882,
    "recall": 0.8787878787878788,
    "f1-score": 0.8656716417910447,
    "support": 33,
    "confused_with": {
      "dont_want_to_give_flowchart_quest_num": 1,
      "cpplus_specific_video_tutorial_asking": 1
    }
  },
  "dont_want_to_give_cpp_content": {
    "precision": 0.0,
    "recall": 0.0,
    "f1-score": 0.0,
    "support": 2,
    "confused_with": {
      "want_to_watch_cpp_tutorial": 1,
      "cpplus_why_asking": 1
    }
  },
  "want_to_ask": {
    "precision": 0.6363636363636364,
    "recall": 0.75,
    "f1-score": 0.6885245901639345,
    "support": 28,
    "confused_with": {
      "cpplus_specific_video_tutorial_asking": 2,
      "cpplus_what_asking": 1
    }
  },
  "continue_asking": {
    "precision": 1.0,
    "recall": 0.6923076923076923,
    "f1-score": 0.8181818181818181,
    "support": 13,
    "confused_with": {
      "affirm": 1,
      "stop_asking": 1
    }
  },
  "time": {
    "precision": 0.5,
    "recall": 0.25,
    "f1-score": 0.3333333333333333,
    "support": 4,
    "confused_with": {
      "deny": 1,
      "thanks": 1
    }
  },
  "attention": {
    "precision": 0.625,
    "recall": 0.38461538461538464,
    "f1-score": 0.4761904761904762,
    "support": 13,
    "confused_with": {
      "greet": 2,
      "affirm": 1
    }
  },
  "cpplus_specific_video_tutorial_asking": {
    "precision": 0.5777777777777777,
    "recall": 0.7878787878787878,
    "f1-score": 0.6666666666666666,
    "support": 33,
    "confused_with": {
      "want_to_watch_cpp_tutorial": 4,
      "cpplus_what_asking": 2
    }
  },
  "out_of_scope": {
    "precision": 0.13333333333333333,
    "recall": 0.047619047619047616,
    "f1-score": 0.07017543859649122,
    "support": 42,
    "confused_with": {
      "cpplus_how_asking": 11,
      "who_are_you": 5,
      "insult": 4
    }
  },
  "greet": {
    "precision": 0.7307692307692307,
    "recall": 0.6333333333333333,
    "f1-score": 0.6785714285714285,
    "support": 30,
    "confused_with": {
      "out_of_scope": 3,
      "insult": 2
    }
  },
  "health_inquire": {
    "precision": 0.7966101694915254,
    "recall": 0.9038461538461539,
    "f1-score": 0.8468468468468469,
    "support": 52,
    "confused_with": {
      "out_of_scope": 1,
      "feeling_bad": 1
    }
  },
  "want_to_watch_cpp_tutorial": {
    "precision": 0.6938775510204082,
    "recall": 0.8292682926829268,
    "f1-score": 0.7555555555555555,
    "support": 41,
    "confused_with": {
      "cpplus_specific_video_tutorial_asking": 3,
      "cpplus_how_asking": 2
    }
  },
  "cpplus_where_asking": {
    "precision": 0.5,
    "recall": 0.6666666666666666,
    "f1-score": 0.5714285714285715,
    "support": 3,
    "confused_with": {
      "cpplus_how_asking": 1
    }
  },
  "cpplus_when_asking": {
    "precision": 0.6666666666666666,
    "recall": 1.0,
    "f1-score": 0.8,
    "support": 4,
    "confused_with": {}
  },
  "dont_want_to_give_flowchart_quest_num": {
    "precision": 0.9166666666666666,
    "recall": 0.7586206896551724,
    "f1-score": 0.830188679245283,
    "support": 29,
    "confused_with": {
      "deny": 1,
      "cpplus_how_asking": 1
    }
  },
  "cpplus_how_asking": {
    "precision": 0.8232558139534883,
    "recall": 0.9567567567567568,
    "f1-score": 0.8850000000000001,
    "support": 185,
    "confused_with": {
      "insult": 2,
      "want_to_watch_cpp_tutorial": 1
    }
  },
  "want_to_practice_flowchart": {
    "precision": 0.8214285714285714,
    "recall": 0.8214285714285714,
    "f1-score": 0.8214285714285714,
    "support": 28,
    "confused_with": {
      "cpplus_specific_video_tutorial_asking": 3,
      "flowchart_asking": 1
    }
  },
  "cpplus_example_asking": {
    "precision": 0.9056603773584906,
    "recall": 0.8571428571428571,
    "f1-score": 0.8807339449541285,
    "support": 56,
    "confused_with": {
      "cpplus_specific_video_tutorial_asking": 4,
      "cpplus_what_asking": 2
    }
  },
  "who_create_you": {
    "precision": 0.7727272727272727,
    "recall": 0.8095238095238095,
    "f1-score": 0.7906976744186046,
    "support": 21,
    "confused_with": {
      "want_to_watch_cpp_tutorial": 1,