{
  "flowchart_quest_num": {
    "precision": 0.972972972972973,
    "recall": 0.9,
    "f1-score": 0.935064935064935,
    "support": 40,
    "confused_with": {}
  },
  "cpplus_content": {
    "precision": 0.9521640091116174,
    "recall": 0.8989247311827957,
    "f1-score": 0.9247787610619469,
    "support": 930,
    "confused_with": {}
  },
  "CPPLUS_CONTENT": {
    "precision": 0.0,
    "recall": 0.0,
    "f1-score": 0.0,
    "support": 1,
    "confused_with": {}
  },
  "micro avg": {
    "precision": 0.9530054644808743,
    "recall": 0.898043254376931,
    "f1-score": 0.9247083775185578,
    "support": 971
  },
  "macro avg": {
    "precision": 0.64171232736153,
    "recall": 0.5996415770609319,
    "f1-score": 0.6199478987089607,
    "support": 971
  },
  "weighted avg": {
    "precision": 0.9520406255331856,
    "recall": 0.898043254376931,
    "f1-score": 0.9242500980331699,
    "support": 971
  }
}