{
  "flowchart_quest_num": {
    "precision": 0.9375,
    "recall": 0.8823529411764706,
    "f1-score": 0.9090909090909091,
    "support": 51,
    "confused_with": {}
  },
  "cpplus_content": {
    "precision": 0.9614949037372593,
    "recall": 0.9080213903743316,
    "f1-score": 0.9339933993399339,
    "support": 935,
    "confused_with": {}
  },
  "CPPLUS_CONTENT": {
    "precision": 1.0,
    "recall": 0.5,
    "f1-score": 0.6666666666666666,
    "support": 2,
    "confused_with": {
      "cpplus_content": 1
    }
  },
  "micro avg": {
    "precision": 0.9603004291845494,
    "recall": 0.9058704453441295,
    "f1-score": 0.9322916666666666,
    "support": 988
  },
  "macro avg": {
    "precision": 0.9663316345790864,
    "recall": 0.7634581105169341,
    "f1-score": 0.8365836583658365,
    "support": 988
  },
  "weighted avg": {
    "precision": 0.9603342459456857,
    "recall": 0.9058704453441295,
    "f1-score": 0.9321667996759189,
    "support": 988
  }
}