{
  "flowchart_quest_num": {
    "precision": 1.0,
    "recall": 0.9929577464788732,
    "f1-score": 0.9964664310954063,
    "support": 142,
    "confused_with": {}
  },
  "cpplus_content": {
    "precision": 0.9919866444073456,
    "recall": 0.9876994680851063,
    "f1-score": 0.9898384141262703,
    "support": 3008,
    "confused_with": {}
  },
  "CPPLUS_CONTENT": {
    "precision": 1.0,
    "recall": 1.0,
    "f1-score": 1.0,
    "support": 4,
    "confused_with": {}
  },
  "micro avg": {
    "precision": 0.9923566878980892,
    "recall": 0.9879518072289156,
    "f1-score": 0.9901493485859549,
    "support": 3154
  },
  "macro avg": {
    "precision": 0.9973288814691151,
    "recall": 0.9935524048546599,
    "f1-score": 0.9954349484072256,
    "support": 3154
  },
  "weighted avg": {
    "precision": 0.9923575860422624,
    "recall": 0.9879518072289156,
    "f1-score": 0.9901497092287155,
    "support": 3154
  }
}