{
  "c++_content": {
    "precision": 0.92166549047283,
    "recall": 0.92166549047283,
    "f1-score": 0.92166549047283,
    "support": 1417,
    "confused_with": {}
  },
  "micro avg": {
    "precision": 0.92166549047283,
    "recall": 0.92166549047283,
    "f1-score": 0.92166549047283,
    "support": 1417
  },
  "macro avg": {
    "precision": 0.92166549047283,
    "recall": 0.92166549047283,
    "f1-score": 0.92166549047283,
    "support": 1417
  },
  "weighted avg": {
    "precision": 0.92166549047283,
    "recall": 0.92166549047283,
    "f1-score": 0.92166549047283,
    "support": 1417
  }
}