{
  "c++_content": {
    "precision": 1.0,
    "recall": 0.9813829787234043,
    "f1-score": 0.9906040268456376,
    "support": 376,
    "confused_with": {}
  },
  "micro avg": {
    "precision": 1.0,
    "recall": 0.9813829787234043,
    "f1-score": 0.9906040268456376,
    "support": 376
  },
  "macro avg": {
    "precision": 1.0,
    "recall": 0.9813829787234043,
    "f1-score": 0.9906040268456376,
    "support": 376
  },
  "weighted avg": {
    "precision": 1.0,
    "recall": 0.9813829787234043,
    "f1-score": 0.9906040268456376,
    "support": 376
  }
}