{
  "cpplus_why_asking": {
    "precision": 0.8910891089108911,
    "recall": 0.8823529411764706,
    "f1-score": 0.8866995073891626,
    "support": 102,
    "confused_with": {
      "cpplus_how_asking": 6,
      "cpplus_what_asking": 3
    }
  },
  "stop_asking": {
    "precision": 0.8846153846153846,
    "recall": 0.7419354838709677,
    "f1-score": 0.8070175438596492,
    "support": 31,
    "confused_with": {
      "attention": 2,
      "goodbye": 2
    }
  },
  "goodbye": {
    "precision": 0.5,
    "recall": 0.2857142857142857,
    "f1-score": 0.36363636363636365,
    "support": 7,
    "confused_with": {
      "feeling_bad": 1,
      "cpplus_what_asking": 1
    }
  },
  "want_to_practice_flowchart": {
    "precision": 0.9333333333333333,
    "recall": 1.0,
    "f1-score": 0.9655172413793104,
    "support": 28,
    "confused_with": {}
  },
  "dont_want_to_give_cpp_content": {
    "precision": 0.0,
    "recall": 0.0,
    "f1-score": 0.0,
    "support": 2,
    "confused_with": {
      "dont_want_to_give_flowchart_quest_num": 2
    }
  },
  "who_are_you": {
    "precision": 0.7755102040816326,
    "recall": 0.8260869565217391,
    "f1-score": 0.8,
    "support": 46,
    "confused_with": {
      "cpplus_what_asking": 4,
      "health_inquire": 1
    }
  },
  "dont_want_to_ask": {
    "precision": 0.8571428571428571,
    "recall": 0.8571428571428571,
    "f1-score": 0.8571428571428571,
    "support": 7,
    "confused_with": {
      "stop_asking": 1
    }
  },
  "want_to_practice_cpp": {
    "precision": 1.0,
    "recall": 0.9285714285714286,
    "f1-score": 0.962962962962963,
    "support": 28,
    "confused_with": {
      "cpplus_specific_video_tutorial_asking": 2
    }
  },
  "insult": {
    "precision": 0.8666666666666667,
    "recall": 0.8666666666666667,
    "f1-score": 0.8666666666666667,
    "support": 45,
    "confused_with": {
      "health_inquire": 2,
      "dont_want_to_give_flowchart_quest_num": 1
    }
  },
  "out_of_scope": {
    "precision": 0.5555555555555556,
    "recall": 0.4411764705882353,
    "f1-score": 0.49180327868852464,
    "support": 34,
    "confused_with": {
      "cpplus_what_asking": 4,
      "greet": 3
    }
  },
  "compliment": {
    "precision": 0.5238095238095238,
    "recall": 0.55,
    "f1-score": 0.5365853658536585,
    "support": 20,
    "confused_with": {
      "insult": 2,
      "cpplus_what_asking": 2
    }
  },
  "time": {
    "precision": 0.8,
    "recall": 1.0,
    "f1-score": 0.888888888888889,
    "support": 4,
    "confused_with": {}
  },
  "who_create_you": {
    "precision": 0.9166666666666666,
    "recall": 0.55,
    "f1-score": 0.6874999999999999,
    "support": 20,
    "confused_with": {
      "health_inquire": 2,
      "who_are_you": 2
    }
  },
  "cpp_practice": {
    "precision": 1.0,
    "recall": 1.0,
    "f1-score": 1.0,
    "support": 12,
    "confused_with": {}
  },
  "feeling_good": {
    "precision": 0.8333333333333334,
    "recall": 0.7142857142857143,
    "f1-score": 0.7692307692307692,
    "support": 21,
    "confused_with": {
      "compliment": 2,
      "affirm": 1
    }
  },
  "cpplus_where_asking": {
    "precision": 0.75,
    "recall": 1.0,
    "f1-score": 0.8571428571428571,
    "support": 3,
    "confused_with": {}
  },
  "attention": {
    "precision": 0.5625,
    "recall": 0.6923076923076923,
    "f1-score": 0.6206896551724138,
    "support": 13,
    "confused_with": {
      "greet": 3,
      "cpplus_what_asking": 1
    }
  },
  "cpplus_when_asking": {
    "precision": 1.0,
    "recall": 1.0,
    "f1-score": 1.0,
    "support": 4,
    "confused_with": {}
  },
  "feeling_bad": {
    "precision": 0.5333333333333333,
    "recall": 0.8,
    "f1-score": 0.64,
    "support": 10,
    "confused_with": {
      "out_of_scope": 2
    }
  },
  "greet": {
    "precision": 0.6388888888888888,
    "recall": 0.7666666666666667,
    "f1-score": 0.696969696969697,
    "support": 30,
    "confused_with": {
      "attention": 3,
      "affirm": 2
    }
  },
  "cpplus_example_asking": {
    "precision": 0.9642857142857143,
    "recall": 0.9818181818181818,
    "f1-score": 0.972972972972973,
    "support": 55,
    "confused_with": {
      "cpplus_what_asking": 1
    }
  },
  "want_to_watch_cpp_tutorial": {
    "precision": 0.8571428571428571,
    "recall": 0.9,
    "f1-score": 0.8780487804878048,
    "support": 40,
    "confused_with": {
      "cpplus_specific_video_tutorial_asking": 4
    }
  },
  "cpplus_what_asking": {
    "precision": 0.8786407766990292,
    "recall": 0.9427083333333334,
    "f1-score": 0.9095477386934674,
    "support": 192,
    "confused_with": {
      "cpplus_why_asking": 4,
      "greet": 2
    }
  },
  "dont_want_to_give_flowchart_quest_num": {
    "precision": 0.8709677419354839,
    "recall": 0.9310344827586207,
    "f1-score": 0.9,
    "support": 29,
    "confused_with": {
      "cpplus_why_asking": 2
    }
  },
  "health_inquire": {
    "precision": 0.847457627118644,
    "recall": 0.9615384615384616,
    "f1-score": 0.9009009009009009,
    "support": 52,
    "confused_with": {
      "feeling_good": 1,
      "greet": 1
    }
  },
  "flowchart_asking": {
    "precision": 1.0,
    "recall": 0.9090909090909091,
    "f1-score": 0.9523809523809523,
    "support": 33,
    "confused_with": {
      "want_to_practice_flowchart": 2,
      "want_to_watch_cpp_tutorial": 1
    }
  },
  "date": {
    "precision": 1.0,
    "recall": 0.3333333333333333,
    "f1-score": 0.5,
    "support": 3,
    "confused_with": {
      "who_are_you": 1,
      "feeling_bad": 1
    }
  },
  "thanks": {
    "precision": 0.6666666666666666,
    "recall": 0.5714285714285714,
    "f1-score": 0.6153846153846153,
    "support": 14,
    "confused_with": {
      "insult": 2,
      "affirm": 1
    }
  },
  "cpplus_how_asking": {
    "precision": 0.9401197604790419,
    "recall": 0.9515151515151515,
    "f1-score": 0.9457831325301206,
    "support": 165,
    "confused_with": {
      "cpplus_why_asking": 2,
      "cpplus_what_asking": 2
    }
  },
  "continue_asking": {
    "precision": 0.7272727272727273,
    "recall": 0.6666666666666666,
    "f1-score": 0.6956521739130435,
    "support": 12,
    "confused_with": {
      "who_are_you": 1,
      "insult": 1
    }
  },
  "cpplus_specific_video_tutorial_asking": {
    "precision": 0.7837837837837838,
    "recall": 0.90625,
    "f1-score": 0.8405797101449275,
    "support": 32,
    "confused_with": {
      "want_to_watch_cpp_tutorial": 3
    }
  },
  "want_to_ask": {
    "precision": 0.9565217391304348,
    "recall": 0.7857142857142857,
    "f1-score": 0.8627450980392156,
    "support": 28,
    "confused_with": {
      "cpplus_what_asking": 1,
      "who_are_you": 1
    }
  },
  "deny": {
    "precision": 0.8823529411764706,
    "recall": 0.7692307692307693,
    "f1-score": 0.8219178082191781,
    "support": 39,
    "confused_with": {
      "compliment": 2,
      "who_create_you": 1
    }
  },
  "affirm": {
    "precision": 0.16666666666666666,
    "recall": 0.1,
    "f1-score": 0.125,
    "support": 10,
    "confused_with": {
      "out_of_scope": 2,
      "who_are_you": 2,
      "thanks": 2
    }
  },
  "corona": {
    "precision": 1.0,
    "recall": 0.8,
    "f1-score": 0.888888888888889,
    "support": 15,
    "confused_with": {
      "cpplus_what_asking": 2,
      "affirm": 1
    }
  },
  "accuracy": 0.8541315345699831,
  "macro avg": {
    "precision": 0.7818378245341596,
    "recall": 0.7546638945697433,
    "f1-score": 0.7573787550725678,
    "support": 1186
  },
  "weighted avg": {
    "precision": 0.8537526879969308,
    "recall": 0.8541315345699831,
    "f1-score": 0.8503547361813197,
    "support": 1186
  }
}