{
  "flowchart_quest_num": {
    "precision": 1.0,
    "recall": 0.825,
    "f1-score": 0.9041095890410958,
    "support": 40,
    "confused_with": {}
  },
  "cpplus_content": {
    "precision": 0.9559164733178654,
    "recall": 0.886021505376344,
    "f1-score": 0.9196428571428571,
    "support": 930,
    "confused_with": {}
  },
  "CPPLUS_CONTENT": {
    "precision": 1.0,
    "recall": 1.0,
    "f1-score": 1.0,
    "support": 1,
    "confused_with": {}
  },
  "micro avg": {
    "precision": 0.9575892857142857,
    "recall": 0.8836251287332647,
    "f1-score": 0.919121585431173,
    "support": 971
  },
  "macro avg": {
    "precision": 0.9853054911059552,
    "recall": 0.903673835125448,
    "f1-score": 0.9412508153946509,
    "support": 971
  },
  "weighted avg": {
    "precision": 0.9577778786669566,
    "recall": 0.8836251287332647,
    "f1-score": 0.9190857267811544,
    "support": 971
  }
}