{
  "cpp_practice": {
    "precision": 0.75,
    "recall": 0.8181818181818182,
    "f1-score": 0.7826086956521738,
    "support": 11,
    "confused_with": {
      "want_to_practice_cpp": 1,
      "cpplus_what_asking": 1
    }
  },
  "want_to_practice_cpp": {
    "precision": 0.78125,
    "recall": 0.8928571428571429,
    "f1-score": 0.8333333333333334,
    "support": 28,
    "confused_with": {
      "dont_want_to_give_flowchart_quest_num": 1,
      "want_to_watch_cpp_tutorial": 1
    }
  },
  "cpplus_why_asking": {
    "precision": 0.8899082568807339,
    "recall": 0.9509803921568627,
    "f1-score": 0.9194312796208531,
    "support": 102,
    "confused_with": {
      "cpplus_what_asking": 2,
      "dont_want_to_give_flowchart_quest_num": 1
    }
  },
  "dont_want_to_ask": {
    "precision": 0.5,
    "recall": 0.14285714285714285,
    "f1-score": 0.22222222222222224,
    "support": 7,
    "confused_with": {
      "feeling_bad": 3,
      "cpplus_where_asking": 1,
      "cpplus_when_asking": 1
    }
  },
  "corona": {
    "precision": 1.0,
    "recall": 0.6666666666666666,
    "f1-score": 0.8,
    "support": 15,
    "confused_with": {
      "compliment": 1,
      "continue_asking": 1
    }
  },
  "who_are_you": {
    "precision": 0.7884615384615384,
    "recall": 0.8723404255319149,
    "f1-score": 0.8282828282828283,
    "support": 47,
    "confused_with": {
      "cpplus_what_asking": 3,
      "continue_asking": 1
    }
  },
  "insult": {
    "precision": 0.639344262295082,
    "recall": 0.8478260869565217,
    "f1-score": 0.7289719626168225,
    "support": 46,
    "confused_with": {
      "stop_asking": 1,
      "who_are_you": 1
    }
  },
  "goodbye": {
    "precision": 0.0,
    "recall": 0.0,
    "f1-score": 0.0,
    "support": 7,
    "confused_with": {
      "insult": 1,
      "greet": 1,
      "compliment": 1
    }
  },
  "deny": {
    "precision": 0.7647058823529411,
    "recall": 0.65,
    "f1-score": 0.7027027027027027,
    "support": 40,
    "confused_with": {
      "cpplus_what_asking": 5,
      "insult": 4
    }
  },
  "feeling_good": {
    "precision": 0.7142857142857143,
    "recall": 0.7142857142857143,
    "f1-score": 0.7142857142857143,
    "support": 21,
    "confused_with": {
      "health_inquire": 3,
      "cpplus_what_asking": 1
    }
  },
  "feeling_bad": {
    "precision": 0.38461538461538464,
    "recall": 0.4166666666666667,
    "f1-score": 0.4,
    "support": 12,
    "confused_with": {
      "deny": 1,
      "cpplus_what_asking": 1
    }
  },
  "cpplus_what_asking": {
    "precision": 0.8333333333333334,
    "recall": 0.8549222797927462,
    "f1-score": 0.843989769820972,
    "support": 193,
    "confused_with": {
      "cpplus_specific_video_tutorial_asking": 5,
      "cpplus_how_asking": 4
    }
  },
  "stop_asking": {
    "precision": 0.6486486486486487,
    "recall": 0.7272727272727273,
    "f1-score": 0.6857142857142857,
    "support": 33,
    "confused_with": {
      "goodbye": 2,
      "continue_asking": 2
    }
  },
  "date": {
    "precision": 1.0,
    "recall": 0.3333333333333333,
    "f1-score": 0.5,
    "support": 3,
    "confused_with": {
      "insult": 1,
      "want_to_ask": 1
    }
  },
  "compliment": {
    "precision": 0.5333333333333333,
    "recall": 0.38095238095238093,
    "f1-score": 0.4444444444444444,
    "support": 21,
    "confused_with": {
      "insult": 3,
      "stop_asking": 2
    }
  },
  "affirm": {
    "precision": 0.5714285714285714,
    "recall": 0.36363636363636365,
    "f1-score": 0.4444444444444444,
    "support": 11,
    "confused_with": {
      "greet": 2,
      "stop_asking": 1
    }
  },
  "thanks": {
    "precision": 0.9090909090909091,
    "recall": 0.7142857142857143,
    "f1-score": 0.8,
    "support": 14,
    "confused_with": {
      "out_of_scope": 1,
      "cpplus_how_asking": 1
    }
  },
  "flowchart_asking": {
    "precision": 0.9090909090909091,
    "recall": 0.9090909090909091,
    "f1-score": 0.9090909090909091,
    "support": 33,
    "confused_with": {
      "dont_want_to_give_flowchart_quest_num": 2,
      "want_to_practice_flowchart": 1
    }
  },
  "dont_want_to_give_cpp_content": {
    "precision": 0.0,
    "recall": 0.0,
    "f1-score": 0.0,
    "support": 2,
    "confused_with": {
      "dont_want_to_give_flowchart_quest_num": 1,
      "cpplus_why_asking": 1
    }
  },
  "want_to_ask": {
    "precision": 0.7,
    "recall": 0.75,
    "f1-score": 0.7241379310344827,
    "support": 28,
    "confused_with": {
      "deny": 2,
      "health_inquire": 2
    }
  },
  "continue_asking": {
    "precision": 0.42857142857142855,
    "recall": 0.46153846153846156,
    "f1-score": 0.4444444444444445,
    "support": 13,
    "confused_with": {
      "want_to_ask": 3,
      "out_of_scope": 1
    }
  },
  "time": {
    "precision": 0.6666666666666666,
    "recall": 1.0,
    "f1-score": 0.8,
    "support": 4,
    "confused_with": {}
  },
  "attention": {
    "precision": 0.5,
    "recall": 0.5384615384615384,
    "f1-score": 0.5185185185185186,
    "support": 13,
    "confused_with": {
      "deny": 2,
      "greet": 2
    }
  },
  "cpplus_specific_video_tutorial_asking": {
    "precision": 0.6666666666666666,
    "recall": 0.7878787878787878,
    "f1-score": 0.7222222222222221,
    "support": 33,
    "confused_with": {
      "want_to_watch_cpp_tutorial": 5,
      "out_of_scope": 1
    }
  },
  "out_of_scope": {
    "precision": 0.4117647058823529,
    "recall": 0.16666666666666666,
    "f1-score": 0.23728813559322035,
    "support": 42,
    "confused_with": {
      "cpplus_what_asking": 10,
      "greet": 7
    }
  },
  "greet": {
    "precision": 0.5,
    "recall": 0.6333333333333333,
    "f1-score": 0.5588235294117647,
    "support": 30,
    "confused_with": {
      "attention": 6,
      "insult": 2
    }
  },
  "health_inquire": {
    "precision": 0.7966101694915254,
    "recall": 0.9038461538461539,
    "f1-score": 0.8468468468468469,
    "support": 52,
    "confused_with": {
      "cpplus_what_asking": 2,
      "compliment": 1
    }
  },
  "want_to_watch_cpp_tutorial": {
    "precision": 0.7948717948717948,
    "recall": 0.7560975609756098,
    "f1-score": 0.7749999999999999,
    "support": 41,
    "confused_with": {
      "cpplus_specific_video_tutorial_asking": 4,
      "want_to_practice_cpp": 3
    }
  },
  "cpplus_where_asking": {
    "precision": 0.6666666666666666,
    "recall": 0.6666666666666666,
    "f1-score": 0.6666666666666666,
    "support": 3,
    "confused_with": {
      "cpplus_how_asking": 1
    }
  },
  "cpplus_when_asking": {
    "precision": 0.8,
    "recall": 1.0,
    "f1-score": 0.888888888888889,
    "support": 4,
    "confused_with": {}
  },
  "dont_want_to_give_flowchart_quest_num": {
    "precision": 0.8125,
    "recall": 0.896551724137931,
    "f1-score": 0.8524590163934426,
    "support": 29,
    "confused_with": {
      "cpplus_why_asking": 1,
      "health_inquire": 1
    }
  },
  "cpplus_how_asking": {
    "precision": 0.925531914893617,
    "recall": 0.9405405405405406,
    "f1-score": 0.932975871313673,
    "support": 185,
    "confused_with": {
      "cpplus_why_asking": 5,
      "out_of_scope": 2
    }
  },
  "want_to_practice_flowchart": {
    "precision": 0.8571428571428571,
    "recall": 0.6428571428571429,
    "f1-score": 0.7346938775510204,
    "support": 28,
    "confused_with": {
      "cpp_practice": 2,
      "cpplus_example_asking": 1
    }
  },
  "cpplus_example_asking": {
    "precision": 0.9473684210526315,
    "recall": 0.9642857142857143,
    "f1-score": 0.9557522123893805,
    "support": 56,
    "confused_with": {
      "cpplus_specific_video_tutorial_asking": 1,
      "cpplus_what_asking": 1
    }
  },
  "who_create_you": {
    "precision": 0.8125,
    "recall": 0.6190476190476191,
    "f1-score": 0.7027027027027026,
    "support": 21,
    "confused_with": {
      "want_to_ask": 2,
      "who_are_you": 2
    }
  },
  "accuracy": 0.7890879478827362,
  "macro avg": {
    "precision": 0.682981658163523,