{
  "CPPLUS_CONTENT": {
    "precision": 1.0,
    "recall": 1.0,
    "f1-score": 1.0,
    "support": 4,
    "confused_with": {}
  },
  "flowchart_quest_num": {
    "precision": 1.0,
    "recall": 1.0,
    "f1-score": 1.0,
    "support": 86,
    "confused_with": {}
  },
  "cpplus_content": {
    "precision": 0.9958745874587459,
    "recall": 0.9942339373970346,
    "f1-score": 0.9950535861500414,
    "support": 2428,
    "confused_with": {}
  },
  "micro avg": {
    "precision": 0.9960222752585521,
    "recall": 0.9944400317712471,
    "f1-score": 0.9952305246422893,
    "support": 2518
  },
  "macro avg": {
    "precision": 0.9986248624862486,
    "recall": 0.9980779791323449,
    "f1-score": 0.9983511953833472,
    "support": 2518
  },
  "weighted avg": {
    "precision": 0.9960220406472736,
    "recall": 0.9944400317712471,
    "f1-score": 0.9952303841033758,
    "support": 2518
  }
}