{
  "CPPLUS_CONTENT": {
    "precision": 0.0,
    "recall": 0.0,
    "f1-score": 0.0,
    "support": 4,
    "confused_with": {}
  },
  "flowchart_quest_num": {
    "precision": 0.45454545454545453,
    "recall": 0.05813953488372093,
    "f1-score": 0.10309278350515462,
    "support": 86,
    "confused_with": {}
  },
  "cpplus_content": {
    "precision": 0.0,
    "recall": 0.0,
    "f1-score": 0.0,
    "support": 2428,
    "confused_with": {}
  },
  "micro avg": {
    "precision": 0.45454545454545453,
    "recall": 0.0019857029388403494,
    "f1-score": 0.0039541320680110716,
    "support": 2518
  },
  "macro avg": {
    "precision": 0.15151515151515152,
    "recall": 0.01937984496124031,
    "f1-score": 0.034364261168384876,
    "support": 2518
  },
  "weighted avg": {
    "precision": 0.015524586612751821,
    "recall": 0.0019857029388403494,
    "f1-score": 0.00352104026268598,
    "support": 2518
  }
}