{
  "config": [
    [
      0.861522453136513,
      0.8503547361813197,
      0.800891317968211,
      0.7121225227963667
    ],
    [
      0.8896931120112092,
      0.8391747724402555,
      0.804561966613281,
      0.6635227944744038
    ],
    [
      0.8660706110274835,
      0.8523911327464581,
      0.8244380316881579,
      0.6994755391891979
    ]
  ],
  "config_backup_3": [
    [
      0.8489322309619873,
      0.8161304066463206,
      0.7617445592688803,
      0.7038781686625302
    ],
    [
      0.8638492886781374,
      0.8483073071355445,
      0.7760015593339407,
      0.7106260060589924
    ],
    [
      0.8743296541978541,
      0.8410450324478366,
      0.7989388476600772,
      0.7079862614438253
    ]
  ]
}