{
  "config_backup_2": [
    [
      0.8397727555840167,
      0.7915818138483357,
      0.7786545403798967,
      0.65764477410757
    ],
    [
      0.8444281461374226,
      0.8119714943025869,
      0.7843790667272831,
      0.6644253813659596
    ],
    [
      0.8496636354527254,
      0.817139203996356,
      0.7644428429016712,
      0.6794694006040365
    ]
  ],
  "config_backup_3": [
    [
      0.8393675921455891,
      0.807927208970719,
      0.7750049815998539,
      0.6993490232411311
    ],
    [
      0.8451657412334503,
      0.8162645630716654,
      0.7707668313764103,
      0.6915117770233989
    ],
    [
      0.8473522024290613,
      0.8198168633941257,
      0.7912888165226234,
      0.6941334863010136
    ]
  ],
  "config_backup_5": [
    [
      0.855686392380333,
      0.8242239210549891,
      0.7954041081980666,
      0.6861898262460658
    ],
    [
      0.8604026629611227,
      0.8233593323920197,
      0.7961365328237272,
      0.6870230154536642
    ],
    [
      0.8633985695564769,
      0.8437327922449693,
      0.7841176930488095,
      0.6861942672444816
    ]
  ]
}