{
  "flowchart_quest_num": {
    "precision": 1.0,
    "recall": 0.975,
    "f1-score": 0.9873417721518987,
    "support": 40,
    "confused_with": {}
  },
  "cpplus_content": {
    "precision": 0.9594907407407407,
    "recall": 0.9050218340611353,
    "f1-score": 0.9314606741573034,
    "support": 916,
    "confused_with": {}
  },
  "CPPLUS_CONTENT": {
    "precision": 0.0,
    "recall": 0.0,
    "f1-score": 0.0,
    "support": 1,
    "confused_with": {
      "cpplus_content": 1
    }
  },
  "micro avg": {
    "precision": 0.9612403100775194,
    "recall": 0.9070010449320794,
    "f1-score": 0.9333333333333333,
    "support": 957
  },
  "macro avg": {
    "precision": 0.6531635802469136,
    "recall": 0.6266739446870452,
    "f1-score": 0.6396008154364007,
    "support": 957
  },
  "weighted avg": {
    "precision": 0.9601813150663725,
    "recall": 0.9070010449320794,
    "f1-score": 0.9328230390952622,
    "support": 957
  }
}