{
  "cpp_practice": {
    "precision": 0.75,
    "recall": 0.8181818181818182,
    "f1-score": 0.7826086956521738,
    "support": 11,
    "confused_with": {
      "flowchart_asking": 1,
      "cpplus_how_asking": 1
    }
  },
  "want_to_practice_cpp": {
    "precision": 0.8181818181818182,
    "recall": 0.9642857142857143,
    "f1-score": 0.8852459016393442,
    "support": 28,
    "confused_with": {
      "cpplus_what_asking": 1
    }
  },
  "cpplus_why_asking": {
    "precision": 0.9705882352941176,
    "recall": 0.9705882352941176,
    "f1-score": 0.9705882352941176,
    "support": 102,
    "confused_with": {
      "cpplus_how_asking": 2,
      "dont_want_to_give_flowchart_quest_num": 1
    }
  },
  "dont_want_to_ask": {
    "precision": 0.7777777777777778,
    "recall": 1.0,
    "f1-score": 0.8750000000000001,
    "support": 7,
    "confused_with": {}
  },
  "corona": {
    "precision": 1.0,
    "recall": 0.7333333333333333,
    "f1-score": 0.846153846153846,
    "support": 15,
    "confused_with": {
      "dont_want_to_ask": 1,
      "cpplus_what_asking": 1
    }
  },
  "who_are_you": {
    "precision": 0.75,
    "recall": 0.8936170212765957,
    "f1-score": 0.8155339805825244,
    "support": 47,
    "confused_with": {
      "health_inquire": 2,
      "continue_asking": 1
    }
  },
  "insult": {
    "precision": 0.8163265306122449,
    "recall": 0.8695652173913043,
    "f1-score": 0.8421052631578948,
    "support": 46,
    "confused_with": {
      "out_of_scope": 3,
      "cpplus_what_asking": 2
    }
  },
  "goodbye": {
    "precision": 0.5,
    "recall": 0.2857142857142857,
    "f1-score": 0.36363636363636365,
    "support": 7,
    "confused_with": {
      "insult": 2,
      "greet": 2
    }
  },
  "deny": {
    "precision": 0.8484848484848485,
    "recall": 0.7,
    "f1-score": 0.7671232876712328,
    "support": 40,
    "confused_with": {
      "who_are_you": 3,
      "dont_want_to_give_flowchart_quest_num": 2
    }
  },
  "feeling_good": {
    "precision": 0.7894736842105263,
    "recall": 0.7142857142857143,
    "f1-score": 0.7500000000000001,
    "support": 21,
    "confused_with": {
      "health_inquire": 3,
      "cpplus_what_asking": 1
    }
  },
  "feeling_bad": {
    "precision": 0.4166666666666667,
    "recall": 0.4166666666666667,
    "f1-score": 0.4166666666666667,
    "support": 12,
    "confused_with": {
      "out_of_scope": 3,
      "cpplus_how_asking": 2
    }
  },
  "cpplus_what_asking": {
    "precision": 0.8656716417910447,
    "recall": 0.9015544041450777,
    "f1-score": 0.8832487309644669,
    "support": 193,
    "confused_with": {
      "who_are_you": 4,
      "out_of_scope": 3
    }
  },
  "stop_asking": {
    "precision": 0.9310344827586207,
    "recall": 0.8181818181818182,
    "f1-score": 0.8709677419354839,
    "support": 33,
    "confused_with": {
      "goodbye": 2,
      "greet": 2
    }
  },
  "date": {
    "precision": 0.6666666666666666,
    "recall": 0.6666666666666666,
    "f1-score": 0.6666666666666666,
    "support": 3,
    "confused_with": {
      "insult": 1
    }
  },
  "compliment": {
    "precision": 0.875,
    "recall": 0.3333333333333333,
    "f1-score": 0.48275862068965514,
    "support": 21,
    "confused_with": {
      "thanks": 4,
      "feeling_bad": 3
    }
  },
  "affirm": {
    "precision": 0.3333333333333333,
    "recall": 0.18181818181818182,
    "f1-score": 0.23529411764705885,
    "support": 11,
    "confused_with": {
      "continue_asking": 2,
      "greet": 2
    }
  },
  "thanks": {
    "precision": 0.7222222222222222,
    "recall": 0.9285714285714286,
    "f1-score": 0.8125000000000001,
    "support": 14,
    "confused_with": {
      "feeling_good": 1
    }
  },
  "flowchart_asking": {
    "precision": 0.9354838709677419,
    "recall": 0.8787878787878788,
    "f1-score": 0.90625,
    "support": 33,
    "confused_with": {
      "dont_want_to_give_flowchart_quest_num": 1,
      "want_to_practice_flowchart": 1
    }
  },
  "dont_want_to_give_cpp_content": {
    "precision": 0.0,
    "recall": 0.0,
    "f1-score": 0.0,
    "support": 2,
    "confused_with": {
      "dont_want_to_give_flowchart_quest_num": 1,
      "stop_asking": 1
    }
  },
  "want_to_ask": {
    "precision": 0.8571428571428571,
    "recall": 0.8571428571428571,
    "f1-score": 0.8571428571428571,
    "support": 28,
    "confused_with": {
      "continue_asking": 2,
      "health_inquire": 1
    }
  },
  "continue_asking": {
    "precision": 0.5,
    "recall": 0.5384615384615384,
    "f1-score": 0.5185185185185186,
    "support": 13,
    "confused_with": {
      "want_to_ask": 2,
      "out_of_scope": 1
    }
  },
  "time": {
    "precision": 0.5714285714285714,
    "recall": 1.0,
    "f1-score": 0.7272727272727273,
    "support": 4,
    "confused_with": {}
  },
  "attention": {
    "precision": 0.5625,
    "recall": 0.6923076923076923,
    "f1-score": 0.6206896551724138,
    "support": 13,
    "confused_with": {
      "greet": 2,
      "affirm": 1
    }
  },
  "cpplus_specific_video_tutorial_asking": {
    "precision": 0.75,
    "recall": 0.8181818181818182,
    "f1-score": 0.7826086956521738,
    "support": 33,
    "confused_with": {
      "want_to_practice_cpp": 3,
      "cpplus_what_asking": 2
    }
  },
  "out_of_scope": {
    "precision": 0.5185185185185185,
    "recall": 0.3333333333333333,
    "f1-score": 0.40579710144927533,
    "support": 42,
    "confused_with": {
      "cpplus_what_asking": 11,
      "who_are_you": 3
    }
  },
  "greet": {
    "precision": 0.6571428571428571,
    "recall": 0.7666666666666667,
    "f1-score": 0.7076923076923077,
    "support": 30,
    "confused_with": {
      "attention": 4,
      "insult": 2
    }
  },
  "health_inquire": {
    "precision": 0.819672131147541,
    "recall": 0.9615384615384616,
    "f1-score": 0.8849557522123893,
    "support": 52,
    "confused_with": {
      "out_of_scope": 1,
      "cpplus_what_asking": 1
    }
  },
  "want_to_watch_cpp_tutorial": {
    "precision": 0.926829268292683,
    "recall": 0.926829268292683,
    "f1-score": 0.926829268292683,
    "support": 41,
    "confused_with": {
      "cpplus_specific_video_tutorial_asking": 3
    }
  },
  "cpplus_where_asking": {
    "precision": 1.0,
    "recall": 0.6666666666666666,
    "f1-score": 0.8,
    "support": 3,
    "confused_with": {
      "cpplus_how_asking": 1
    }
  },
  "cpplus_when_asking": {
    "precision": 1.0,
    "recall": 0.75,
    "f1-score": 0.8571428571428571,
    "support": 4,
    "confused_with": {
      "want_to_practice_cpp": 1
    }
  },
  "dont_want_to_give_flowchart_quest_num": {
    "precision": 0.84375,
    "recall": 0.9310344827586207,
    "f1-score": 0.8852459016393444,
    "support": 29,
    "confused_with": {
      "cpplus_why_asking": 2
    }
  },
  "cpplus_how_asking": {
    "precision": 0.9326424870466321,
    "recall": 0.972972972972973,
    "f1-score": 0.9523809523809524,
    "support": 185,
    "confused_with": {
      "cpplus_specific_video_tutorial_asking": 2,
      "out_of_scope": 1
    }
  },
  "want_to_practice_flowchart": {
    "precision": 0.8888888888888888,
    "recall": 0.8571428571428571,
    "f1-score": 0.8727272727272727,
    "support": 28,
    "confused_with": {
      "cpp_practice": 2,
      "out_of_scope": 1
    }
  },
  "cpplus_example_asking": {
    "precision": 0.9821428571428571,
    "recall": 0.9821428571428571,
    "f1-score": 0.9821428571428571,
    "support": 56,
    "confused_with": {
      "cpplus_what_asking": 1
    }
  },
  "who_create_you": {
    "precision": 1.0,
    "recall": 0.6666666666666666,
    "f1-score": 0.8,
    "support": 21,
    "confused_with": {
      "who_are_you": 2,
      "want_to_ask": 2
    }
  },
  "accuracy": 0.8469055374592834,
  "macro avg": {
    "precision": 0.7593591490205439,
    "recall": 0.7370354244917038,
    "f1-score": 0.7358141383656036,
    "support": 1228
  },
  "weighted avg": {
    "precision": 0.8445481555178328,
    "recall": 0.8469055374592834,
    "f1-score": 0.8397727555840167,