{
  "flowchart_quest_num": {
    "precision": 0.975,
    "recall": 0.9512195121951219,
    "f1-score": 0.9629629629629629,
    "support": 41,
    "confused_with": {}
  },
  "cpplus_content": {
    "precision": 0.9648484848484848,
    "recall": 0.8477103301384451,
    "f1-score": 0.9024943310657596,
    "support": 939,
    "confused_with": {
      "CPPLUS_CONTENT": 1
    }
  },
  "micro avg": {
    "precision": 0.9653179190751445,
    "recall": 0.8520408163265306,
    "f1-score": 0.9051490514905149,
    "support": 980
  },
  "macro avg": {
    "precision": 0.9699242424242425,
    "recall": 0.8994649211667836,
    "f1-score": 0.9327286470143612,
    "support": 980
  },
  "weighted avg": {
    "precision": 0.9652731910946197,
    "recall": 0.8520408163265306,
    "f1-score": 0.9050241411757447,
    "support": 980
  }
}