{
  "cpp_practice": {
    "precision": 0.4666666666666667,
    "recall": 0.6363636363636364,
    "f1-score": 0.5384615384615385,
    "support": 11,
    "confused_with": {
      "cpplus_specific_video_tutorial_asking": 1,
      "want_to_practice_flowchart": 1
    }
  },
  "want_to_practice_cpp": {
    "precision": 0.8,
    "recall": 0.8571428571428571,
    "f1-score": 0.8275862068965518,
    "support": 28,
    "confused_with": {
      "out_of_scope": 1,
      "who_are_you": 1
    }
  },
  "cpplus_why_asking": {
    "precision": 0.8264462809917356,
    "recall": 0.9803921568627451,
    "f1-score": 0.8968609865470852,
    "support": 102,
    "confused_with": {
      "deny": 1,
      "health_inquire": 1
    }
  },
  "dont_want_to_ask": {
    "precision": 0.3333333333333333,
    "recall": 0.2857142857142857,
    "f1-score": 0.30769230769230765,
    "support": 7,
    "confused_with": {
      "cpplus_why_asking": 1,
      "want_to_ask": 1
    }
  },
  "corona": {
    "precision": 0.8181818181818182,
    "recall": 0.6,
    "f1-score": 0.6923076923076923,
    "support": 15,
    "confused_with": {
      "cpplus_what_asking": 2,
      "out_of_scope": 1
    }
  },
  "who_are_you": {
    "precision": 0.6590909090909091,
    "recall": 0.6170212765957447,
    "f1-score": 0.6373626373626374,
    "support": 47,
    "confused_with": {
      "cpplus_what_asking": 8,
      "who_create_you": 2
    }
  },
  "insult": {
    "precision": 0.5681818181818182,
    "recall": 0.5434782608695652,
    "f1-score": 0.5555555555555556,
    "support": 46,
    "confused_with": {
      "cpplus_what_asking": 5,
      "greet": 5
    }
  },
  "goodbye": {
    "precision": 0.5,
    "recall": 0.14285714285714285,
    "f1-score": 0.22222222222222224,
    "support": 7,
    "confused_with": {
      "out_of_scope": 3,
      "greet": 2
    }
  },
  "deny": {
    "precision": 0.625,
    "recall": 0.625,
    "f1-score": 0.625,
    "support": 40,
    "confused_with": {
      "out_of_scope": 4,
      "affirm": 3
    }
  },
  "feeling_good": {
    "precision": 0.2727272727272727,
    "recall": 0.2857142857142857,
    "f1-score": 0.2790697674418604,
    "support": 21,
    "confused_with": {
      "health_inquire": 3,
      "out_of_scope": 2
    }
  },
  "feeling_bad": {
    "precision": 0.4,
    "recall": 0.16666666666666666,
    "f1-score": 0.23529411764705882,
    "support": 12,
    "confused_with": {
      "out_of_scope": 5,
      "cpplus_what_asking": 2
    }
  },
  "cpplus_what_asking": {
    "precision": 0.6885245901639344,
    "recall": 0.8704663212435233,
    "f1-score": 0.7688787185354692,
    "support": 193,
    "confused_with": {
      "out_of_scope": 5,
      "insult": 4
    }
  },
  "stop_asking": {
    "precision": 0.6470588235294118,
    "recall": 0.6666666666666666,
    "f1-score": 0.6567164179104478,
    "support": 33,
    "confused_with": {
      "cpplus_what_asking": 4,
      "deny": 2
    }
  },
  "date": {
    "precision": 0.6666666666666666,
    "recall": 0.6666666666666666,
    "f1-score": 0.6666666666666666,
    "support": 3,
    "confused_with": {
      "out_of_scope": 1
    }
  },
  "compliment": {
    "precision": 0.45454545454545453,
    "recall": 0.23809523809523808,
    "f1-score": 0.31249999999999994,
    "support": 21,
    "confused_with": {
      "insult": 2,
      "cpplus_what_asking": 2
    }
  },
  "affirm": {
    "precision": 0.0,
    "recall": 0.0,
    "f1-score": 0.0,
    "support": 11,
    "confused_with": {
      "compliment": 2,
      "want_to_ask": 2,
      "feeling_good": 2
    }
  },
  "thanks": {
    "precision": 0.6666666666666666,
    "recall": 0.42857142857142855,
    "f1-score": 0.5217391304347826,
    "support": 14,
    "confused_with": {
      "out_of_scope": 3,
      "compliment": 1
    }
  },
  "flowchart_asking": {
    "precision": 0.8333333333333334,
    "recall": 0.7575757575757576,
    "f1-score": 0.7936507936507938,
    "support": 33,
    "confused_with": {
      "cpplus_specific_video_tutorial_asking": 2,
      "want_to_practice_flowchart": 2
    }
  },
  "dont_want_to_give_cpp_content": {
    "precision": 0.0,
    "recall": 0.0,
    "f1-score": 0.0,
    "support": 2,
    "confused_with": {
      "dont_want_to_give_flowchart_quest_num": 1,
      "cpplus_why_asking": 1
    }
  },
  "want_to_ask": {
    "precision": 0.6060606060606061,
    "recall": 0.7142857142857143,
    "f1-score": 0.6557377049180327,
    "support": 28,
    "confused_with": {
      "cpplus_specific_video_tutorial_asking": 3,
      "out_of_scope": 2
    }
  },
  "continue_asking": {
    "precision": 0.6666666666666666,
    "recall": 0.46153846153846156,
    "f1-score": 0.5454545454545455,
    "support": 13,
    "confused_with": {
      "cpplus_how_asking": 1,
      "greet": 1
    }
  },
  "time": {
    "precision": 0.0,
    "recall": 0.0,
    "f1-score": 0.0,
    "support": 4,
    "confused_with": {
      "out_of_scope": 1,
      "cpplus_what_asking": 1,
      "date": 1
    }
  },
  "attention": {
    "precision": 0.5,
    "recall": 0.23076923076923078,
    "f1-score": 0.3157894736842105,
    "support": 13,
    "confused_with": {
      "greet": 4,
      "deny": 1
    }
  },
  "cpplus_specific_video_tutorial_asking": {
    "precision": 0.5121951219512195,
    "recall": 0.6363636363636364,
    "f1-score": 0.5675675675675675,
    "support": 33,
    "confused_with": {
      "cpplus_what_asking": 7,
      "want_to_watch_cpp_tutorial": 4
    }
  },
  "out_of_scope": {
    "precision": 0.15384615384615385,
    "recall": 0.19047619047619047,
    "f1-score": 0.1702127659574468,
    "support": 42,
    "confused_with": {
      "cpplus_what_asking": 8,
      "cpplus_how_asking": 6
    }
  },
  "greet": {
    "precision": 0.45714285714285713,
    "recall": 0.5333333333333333,
    "f1-score": 0.4923076923076923,
    "support": 30,
    "confused_with": {
      "out_of_scope": 4,
      "feeling_good": 3
    }
  },
  "health_inquire": {
    "precision": 0.7457627118644068,
    "recall": 0.8461538461538461,
    "f1-score": 0.7927927927927929,
    "support": 52,
    "confused_with": {
      "feeling_good": 3,
      "cpplus_how_asking": 1
    }
  },
  "want_to_watch_cpp_tutorial": {
    "precision": 0.75,
    "recall": 0.5853658536585366,
    "f1-score": 0.6575342465753423,
    "support": 41,
    "confused_with": {
      "cpplus_specific_video_tutorial_asking": 6,
      "want_to_practice_cpp": 4
    }
  },
  "cpplus_where_asking": {
    "precision": 1.0,
    "recall": 0.3333333333333333,
    "f1-score": 0.5,
    "support": 3,
    "confused_with": {
      "deny": 1,
      "flowchart_asking": 1
    }
  },
  "cpplus_when_asking": {
    "precision": 1.0,
    "recall": 0.5,
    "f1-score": 0.6666666666666666,
    "support": 4,
    "confused_with": {
      "cpplus_how_asking": 1,
      "cpplus_what_asking": 1
    }
  },
  "dont_want_to_give_flowchart_quest_num": {
    "precision": 0.875,
    "recall": 0.7241379310344828,
    "f1-score": 0.7924528301886793,
    "support": 29,
    "confused_with": {
      "cpplus_why_asking": 5,
      "stop_asking": 1
    }
  },
  "cpplus_how_asking": {
    "precision": 0.8780487804878049,
    "recall": 0.7783783783783784,
    "f1-score": 0.8252148997134671,
    "support": 185,
    "confused_with": {
      "cpplus_what_asking": 17,
      "cpplus_why_asking": 4
    }
  },
  "want_to_practice_flowchart": {
    "precision": 0.7407407407407407,
    "recall": 0.7142857142857143,
    "f1-score": 0.7272727272727273,
    "support": 28,
    "confused_with": {
      "cpplus_specific_video_tutorial_asking": 2,
      "cpp_practice": 2
    }
  },
  "cpplus_example_asking": {
    "precision": 0.9387755102040817,
    "recall": 0.8214285714285714,
    "f1-score": 0.8761904761904763,
    "support": 56,
    "confused_with": {
      "cpplus_what_asking": 8,
      "out_of_scope": 1
    }
  },
  "who_create_you": {
    "precision": 0.5555555555555556,
    "recall": 0.47619047619047616,
    "f1-score": 0.5128205128205129,
    "support": 21,