{
  "flowchart_quest_num": {
    "precision": 0.9714285714285714,
    "recall": 0.8292682926829268,
    "f1-score": 0.8947368421052632,
    "support": 41,
    "confused_with": {}
  },
  "cpplus_content": {
    "precision": 0.9176470588235294,
    "recall": 0.7476038338658147,
    "f1-score": 0.823943661971831,
    "support": 939,
    "confused_with": {
      "flowchart_quest_num": 1
    }
  },
  "micro avg": {
    "precision": 0.92,
    "recall": 0.7510204081632653,
    "f1-score": 0.8269662921348314,
    "support": 980
  },
  "macro avg": {
    "precision": 0.9445378151260504,
    "recall": 0.7884360632743708,
    "f1-score": 0.8593402520385471,
    "support": 980
  },
  "weighted avg": {
    "precision": 0.9198971016978219,
    "recall": 0.7510204081632653,
    "f1-score": 0.8269054174672094,
    "support": 980
  }
}