{
  "cpplus_why_asking": {
    "precision": 0.8108108108108109,
    "recall": 0.8823529411764706,
    "f1-score": 0.8450704225352113,
    "support": 102,
    "confused_with": {
      "cpplus_what_asking": 4,
      "out_of_scope": 2
    }
  },
  "stop_asking": {
    "precision": 0.5714285714285714,
    "recall": 0.6451612903225806,
    "f1-score": 0.606060606060606,
    "support": 31,
    "confused_with": {
      "attention": 2,
      "want_to_ask": 2
    }
  },
  "goodbye": {
    "precision": 0.2,
    "recall": 0.14285714285714285,
    "f1-score": 0.16666666666666666,
    "support": 7,
    "confused_with": {
      "stop_asking": 2,
      "out_of_scope": 1,
      "attention": 1
    }
  },
  "want_to_practice_flowchart": {
    "precision": 0.7857142857142857,
    "recall": 0.7857142857142857,
    "f1-score": 0.7857142857142857,
    "support": 28,
    "confused_with": {
      "cpplus_example_asking": 1,
      "want_to_watch_cpp_tutorial": 1
    }
  },
  "dont_want_to_give_cpp_content": {
    "precision": 0.0,
    "recall": 0.0,
    "f1-score": 0.0,
    "support": 2,
    "confused_with": {
      "cpplus_why_asking": 2
    }
  },
  "who_are_you": {
    "precision": 0.62,
    "recall": 0.6739130434782609,
    "f1-score": 0.6458333333333334,
    "support": 46,
    "confused_with": {
      "cpplus_what_asking": 7,
      "want_to_ask": 2
    }
  },
  "dont_want_to_ask": {
    "precision": 0.6666666666666666,
    "recall": 0.5714285714285714,
    "f1-score": 0.6153846153846153,
    "support": 7,
    "confused_with": {
      "out_of_scope": 1,
      "want_to_ask": 1
    }
  },
  "want_to_practice_cpp": {
    "precision": 0.6216216216216216,
    "recall": 0.8214285714285714,
    "f1-score": 0.7076923076923075,
    "support": 28,
    "confused_with": {
      "out_of_scope": 1,
      "cpplus_specific_video_tutorial_asking": 1
    }
  },
  "insult": {
    "precision": 0.5576923076923077,
    "recall": 0.6444444444444445,
    "f1-score": 0.5979381443298969,
    "support": 45,
    "confused_with": {
      "dont_want_to_give_flowchart_quest_num": 2,
      "out_of_scope": 2
    }
  },
  "out_of_scope": {
    "precision": 0.2571428571428571,
    "recall": 0.2647058823529412,
    "f1-score": 0.2608695652173913,
    "support": 34,
    "confused_with": {
      "cpplus_what_asking": 8,
      "who_are_you": 4
    }
  },
  "compliment": {
    "precision": 0.4444444444444444,
    "recall": 0.2,
    "f1-score": 0.2758620689655173,
    "support": 20,
    "confused_with": {
      "feeling_good": 3,
      "cpplus_what_asking": 3
    }
  },
  "time": {
    "precision": 0.5,
    "recall": 0.25,
    "f1-score": 0.3333333333333333,
    "support": 4,
    "confused_with": {
      "want_to_ask": 2,
      "who_are_you": 1
    }
  },
  "who_create_you": {
    "precision": 0.8,
    "recall": 0.4,
    "f1-score": 0.5333333333333333,
    "support": 20,
    "confused_with": {
      "want_to_watch_cpp_tutorial": 4,
      "out_of_scope": 3
    }
  },
  "cpp_practice": {
    "precision": 0.8,
    "recall": 0.6666666666666666,
    "f1-score": 0.7272727272727272,
    "support": 12,
    "confused_with": {
      "want_to_watch_cpp_tutorial": 1,
      "want_to_practice_cpp": 1
    }
  },
  "feeling_good": {
    "precision": 0.5161290322580645,
    "recall": 0.7619047619047619,
    "f1-score": 0.6153846153846153,
    "support": 21,
    "confused_with": {
      "thanks": 2,
      "cpplus_what_asking": 2
    }
  },
  "cpplus_where_asking": {
    "precision": 0.0,
    "recall": 0.0,
    "f1-score": 0.0,
    "support": 3,
    "confused_with": {
      "cpplus_when_asking": 2,
      "out_of_scope": 1
    }
  },
  "attention": {
    "precision": 0.5,
    "recall": 0.38461538461538464,
    "f1-score": 0.4347826086956522,
    "support": 13,
    "confused_with": {
      "insult": 3,
      "greet": 2
    }
  },
  "cpplus_when_asking": {
    "precision": 0.3333333333333333,
    "recall": 0.75,
    "f1-score": 0.46153846153846156,
    "support": 4,
    "confused_with": {
      "want_to_watch_cpp_tutorial": 1
    }
  },
  "feeling_bad": {
    "precision": 0.5,
    "recall": 0.3,
    "f1-score": 0.37499999999999994,
    "support": 10,
    "confused_with": {
      "health_inquire": 2,
      "greet": 2
    }
  },
  "greet": {
    "precision": 0.5625,
    "recall": 0.6,
    "f1-score": 0.5806451612903225,
    "support": 30,
    "confused_with": {
      "insult": 4,
      "cpplus_what_asking": 2
    }
  },
  "cpplus_example_asking": {
    "precision": 0.9285714285714286,
    "recall": 0.9454545454545454,
    "f1-score": 0.9369369369369368,
    "support": 55,
    "confused_with": {
      "cpplus_what_asking": 3
    }
  },
  "want_to_watch_cpp_tutorial": {
    "precision": 0.5490196078431373,
    "recall": 0.7,
    "f1-score": 0.6153846153846154,
    "support": 40,
    "confused_with": {
      "cpplus_specific_video_tutorial_asking": 4,
      "insult": 2
    }
  },
  "cpplus_what_asking": {
    "precision": 0.7106382978723405,
    "recall": 0.8697916666666666,
    "f1-score": 0.7822014051522249,
    "support": 192,
    "confused_with": {
      "who_are_you": 6,
      "corona": 2
    }
  },
  "dont_want_to_give_flowchart_quest_num": {
    "precision": 0.7407407407407407,
    "recall": 0.6896551724137931,
    "f1-score": 0.7142857142857143,
    "support": 29,
    "confused_with": {
      "cpplus_why_asking": 8,
      "dont_want_to_ask": 1
    }
  },
  "health_inquire": {
    "precision": 0.7906976744186046,
    "recall": 0.6538461538461539,
    "f1-score": 0.7157894736842104,
    "support": 52,
    "confused_with": {
      "cpplus_why_asking": 4,
      "feeling_good": 3
    }
  },
  "flowchart_asking": {
    "precision": 0.8333333333333334,
    "recall": 0.6060606060606061,
    "f1-score": 0.7017543859649124,
    "support": 33,
    "confused_with": {
      "want_to_watch_cpp_tutorial": 3,
      "want_to_practice_flowchart": 3
    }
  },
  "date": {
    "precision": 1.0,
    "recall": 0.3333333333333333,
    "f1-score": 0.5,
    "support": 3,
    "confused_with": {
      "feeling_good": 1,
      "cpplus_what_asking": 1
    }
  },
  "thanks": {
    "precision": 0.5,
    "recall": 0.5,
    "f1-score": 0.5,
    "support": 14,
    "confused_with": {
      "deny": 2,
      "cpplus_why_asking": 1
    }
  },
  "cpplus_how_asking": {
    "precision": 0.9562043795620438,
    "recall": 0.793939393939394,
    "f1-score": 0.8675496688741723,
    "support": 165,
    "confused_with": {
      "cpplus_what_asking": 13,
      "out_of_scope": 5
    }
  },
  "continue_asking": {
    "precision": 0.7142857142857143,
    "recall": 0.4166666666666667,
    "f1-score": 0.5263157894736842,
    "support": 12,
    "confused_with": {
      "stop_asking": 3,
      "affirm": 1
    }
  },
  "cpplus_specific_video_tutorial_asking": {
    "precision": 0.7419354838709677,
    "recall": 0.71875,
    "f1-score": 0.7301587301587302,
    "support": 32,
    "confused_with": {
      "want_to_watch_cpp_tutorial": 5,
      "cpplus_what_asking": 3
    }
  },
  "want_to_ask": {
    "precision": 0.6774193548387096,
    "recall": 0.75,
    "f1-score": 0.7118644067796611,
    "support": 28,
    "confused_with": {
      "cpplus_what_asking": 3,
      "insult": 1
    }
  },
  "deny": {
    "precision": 0.8888888888888888,
    "recall": 0.6153846153846154,
    "f1-score": 0.7272727272727274,
    "support": 39,
    "confused_with": {
      "cpplus_what_asking": 4,
      "stop_asking": 2
    }
  },
  "affirm": {
    "precision": 0.16666666666666666,
    "recall": 0.1,
    "f1-score": 0.125,
    "support": 10,
    "confused_with": {
      "corona": 2,
      "thanks": 2
    }
  },
  "corona": {
    "precision": 0.6666666666666666,
    "recall": 0.8,
    "f1-score": 0.7272727272727272,
    "support": 15,
    "confused_with": {
      "cpplus_what_asking": 2,
      "insult": 1
    }
  },
  "accuracy": 0.709106239460371,
  "macro avg": {
    "precision": 0.5975014905334918,
    "recall": 0.5496592897187389,
    "f1-score": 0.5557191096568169,
    "support": 1186
  },