{
  "flowchart_quest_num": {
    "precision": 0.9767441860465116,
    "recall": 0.9545454545454546,
    "f1-score": 0.9655172413793104,
    "support": 44,
    "confused_with": {}
  },
  "cpplus_content": {
    "precision": 0.9693757361601885,
    "recall": 0.9175027870680045,
    "f1-score": 0.9427262313860251,
    "support": 897,
    "confused_with": {}
  },
  "CPPLUS_CONTENT": {
    "precision": 1.0,
    "recall": 0.25,
    "f1-score": 0.4,
    "support": 4,
    "confused_with": {
      "cpplus_content": 3
    }
  },
  "micro avg": {
    "precision": 0.9697648376259799,
    "recall": 0.9164021164021164,
    "f1-score": 0.9423286180631122,
    "support": 945
  },
  "macro avg": {
    "precision": 0.9820399740689,
    "recall": 0.707349413871153,
    "f1-score": 0.7694144909217785,
    "support": 945
  },
  "weighted avg": {
    "precision": 0.9698484439383445,
    "recall": 0.9164021164021164,
    "f1-score": 0.9414901462158245,
    "support": 945
  }
}