{
  "CPPLUS_CONTENT": {
    "precision": 0.0,
    "recall": 0.0,
    "f1-score": 0.0,
    "support": 2,
    "confused_with": {
      "cpplus_content": 2
    }
  },
  "flowchart_quest_num": {
    "precision": 0.8913043478260869,
    "recall": 0.9318181818181818,
    "f1-score": 0.9111111111111111,
    "support": 44,
    "confused_with": {}
  },
  "cpplus_content": {
    "precision": 0.9259776536312849,
    "recall": 0.7559863169897377,
    "f1-score": 0.8323917137476459,
    "support": 877,
    "confused_with": {}
  },
  "micro avg": {
    "precision": 0.9238845144356955,
    "recall": 0.7627302275189599,
    "f1-score": 0.8356083086053412,
    "support": 923
  },
  "macro avg": {
    "precision": 0.6057606671524572,
    "recall": 0.5626014996026398,
    "f1-score": 0.5811676082862524,
    "support": 923
  },
  "weighted avg": {
    "precision": 0.9223183028591384,
    "recall": 0.7627302275189599,
    "f1-score": 0.8343406520537099,
    "support": 923
  }
}