{
  "cpplus_why_asking": {
    "precision": 0.8333333333333334,
    "recall": 0.9313725490196079,
    "f1-score": 0.8796296296296297,
    "support": 102,
    "confused_with": {
      "dont_want_to_give_flowchart_quest_num": 2,
      "want_to_watch_cpp_tutorial": 1
    }
  },
  "stop_asking": {
    "precision": 0.7037037037037037,
    "recall": 0.6129032258064516,
    "f1-score": 0.6551724137931035,
    "support": 31,
    "confused_with": {
      "compliment": 3,
      "health_inquire": 3
    }
  },
  "goodbye": {
    "precision": 1.0,
    "recall": 0.5714285714285714,
    "f1-score": 0.7272727272727273,
    "support": 7,
    "confused_with": {
      "insult": 1,
      "cpplus_what_asking": 1
    }
  },
  "want_to_practice_flowchart": {
    "precision": 0.8636363636363636,
    "recall": 0.6785714285714286,
    "f1-score": 0.76,
    "support": 28,
    "confused_with": {
      "want_to_practice_cpp": 2,
      "cpplus_what_asking": 2
    }
  },
  "dont_want_to_give_cpp_content": {
    "precision": 1.0,
    "recall": 0.5,
    "f1-score": 0.6666666666666666,
    "support": 2,
    "confused_with": {
      "dont_want_to_give_flowchart_quest_num": 1
    }
  },
  "who_are_you": {
    "precision": 0.7209302325581395,
    "recall": 0.6739130434782609,
    "f1-score": 0.6966292134831461,
    "support": 46,
    "confused_with": {
      "cpplus_what_asking": 5,
      "who_create_you": 2
    }
  },
  "dont_want_to_ask": {
    "precision": 0.3333333333333333,
    "recall": 0.2857142857142857,
    "f1-score": 0.30769230769230765,
    "support": 7,
    "confused_with": {
      "want_to_ask": 2,
      "health_inquire": 1
    }
  },
  "want_to_practice_cpp": {
    "precision": 0.72,
    "recall": 0.6428571428571429,
    "f1-score": 0.6792452830188679,
    "support": 28,
    "confused_with": {
      "cpplus_specific_video_tutorial_asking": 4,
      "want_to_watch_cpp_tutorial": 2
    }
  },
  "insult": {
    "precision": 0.627906976744186,
    "recall": 0.6,
    "f1-score": 0.6136363636363636,
    "support": 45,
    "confused_with": {
      "health_inquire": 5,
      "cpplus_what_asking": 5
    }
  },
  "out_of_scope": {
    "precision": 0.27586206896551724,
    "recall": 0.23529411764705882,
    "f1-score": 0.253968253968254,
    "support": 34,
    "confused_with": {
      "cpplus_what_asking": 10,
      "cpplus_how_asking": 4
    }
  },
  "compliment": {
    "precision": 0.3157894736842105,
    "recall": 0.3,
    "f1-score": 0.3076923076923077,
    "support": 20,
    "confused_with": {
      "out_of_scope": 3,
      "insult": 2
    }
  },
  "time": {
    "precision": 1.0,
    "recall": 0.25,
    "f1-score": 0.4,
    "support": 4,
    "confused_with": {
      "health_inquire": 2,
      "deny": 1
    }
  },
  "who_create_you": {
    "precision": 0.42105263157894735,
    "recall": 0.4,
    "f1-score": 0.41025641025641024,
    "support": 20,
    "confused_with": {
      "cpplus_what_asking": 4,
      "who_are_you": 3
    }
  },
  "cpp_practice": {
    "precision": 0.5555555555555556,
    "recall": 0.4166666666666667,
    "f1-score": 0.4761904761904762,
    "support": 12,
    "confused_with": {
      "cpplus_specific_video_tutorial_asking": 2,
      "cpplus_how_asking": 2
    }
  },
  "feeling_good": {
    "precision": 0.5714285714285714,
    "recall": 0.38095238095238093,
    "f1-score": 0.4571428571428571,
    "support": 21,
    "confused_with": {
      "health_inquire": 4,
      "affirm": 2
    }
  },
  "cpplus_where_asking": {
    "precision": 0.0,
    "recall": 0.0,
    "f1-score": 0.0,
    "support": 3,
    "confused_with": {
      "out_of_scope": 2,
      "stop_asking": 1
    }
  },
  "attention": {
    "precision": 0.5,
    "recall": 0.38461538461538464,
    "f1-score": 0.4347826086956522,
    "support": 13,
    "confused_with": {
      "compliment": 3,
      "greet": 2
    }
  },
  "cpplus_when_asking": {
    "precision": 0.0,
    "recall": 0.0,
    "f1-score": 0.0,
    "support": 4,
    "confused_with": {
      "out_of_scope": 2,
      "cpplus_what_asking": 2
    }
  },
  "feeling_bad": {
    "precision": 0.6,
    "recall": 0.3,
    "f1-score": 0.4,
    "support": 10,
    "confused_with": {
      "dont_want_to_ask": 2,
      "cpplus_what_asking": 1
    }
  },
  "greet": {
    "precision": 0.6060606060606061,
    "recall": 0.6666666666666666,
    "f1-score": 0.6349206349206349,
    "support": 30,
    "confused_with": {
      "attention": 3,
      "cpplus_what_asking": 3
    }
  },
  "cpplus_example_asking": {
    "precision": 0.8571428571428571,
    "recall": 0.8727272727272727,
    "f1-score": 0.8648648648648648,
    "support": 55,
    "confused_with": {
      "cpplus_what_asking": 4,
      "cpplus_how_asking": 2
    }
  },
  "want_to_watch_cpp_tutorial": {
    "precision": 0.6744186046511628,
    "recall": 0.725,
    "f1-score": 0.6987951807228916,
    "support": 40,
    "confused_with": {
      "cpplus_what_asking": 6,
      "cpplus_specific_video_tutorial_asking": 3
    }
  },
  "cpplus_what_asking": {
    "precision": 0.6877637130801688,
    "recall": 0.8489583333333334,
    "f1-score": 0.7599067599067599,
    "support": 192,
    "confused_with": {
      "cpplus_how_asking": 5,
      "cpplus_why_asking": 4
    }
  },
  "dont_want_to_give_flowchart_quest_num": {
    "precision": 0.76,
    "recall": 0.6551724137931034,
    "f1-score": 0.7037037037037037,
    "support": 29,
    "confused_with": {
      "cpplus_why_asking": 7,
      "insult": 1
    }
  },
  "health_inquire": {
    "precision": 0.6721311475409836,
    "recall": 0.7884615384615384,
    "f1-score": 0.7256637168141593,
    "support": 52,
    "confused_with": {
      "feeling_good": 2,
      "cpplus_what_asking": 2
    }
  },
  "flowchart_asking": {
    "precision": 0.725,
    "recall": 0.8787878787878788,
    "f1-score": 0.7945205479452054,
    "support": 33,
    "confused_with": {
      "dont_want_to_give_flowchart_quest_num": 1,
      "cpplus_example_asking": 1
    }
  },
  "date": {
    "precision": 0.5,
    "recall": 0.3333333333333333,
    "f1-score": 0.4,
    "support": 3,
    "confused_with": {
      "want_to_ask": 1,
      "cpplus_what_asking": 1
    }
  },
  "thanks": {
    "precision": 0.7777777777777778,
    "recall": 0.5,
    "f1-score": 0.6086956521739131,
    "support": 14,
    "confused_with": {
      "who_create_you": 1,
      "cpplus_why_asking": 1
    }
  },
  "cpplus_how_asking": {
    "precision": 0.8698224852071006,
    "recall": 0.8909090909090909,
    "f1-score": 0.8802395209580838,
    "support": 165,
    "confused_with": {
      "cpplus_what_asking": 9,
      "cpplus_why_asking": 5
    }
  },
  "continue_asking": {
    "precision": 0.75,
    "recall": 0.5,
    "f1-score": 0.6,
    "support": 12,
    "confused_with": {
      "out_of_scope": 2,
      "compliment": 2
    }
  },
  "cpplus_specific_video_tutorial_asking": {
    "precision": 0.6,
    "recall": 0.65625,
    "f1-score": 0.626865671641791,
    "support": 32,
    "confused_with": {
      "want_to_watch_cpp_tutorial": 7,
      "cpplus_what_asking": 2
    }
  },
  "want_to_ask": {
    "precision": 0.7931034482758621,
    "recall": 0.8214285714285714,
    "f1-score": 0.8070175438596492,
    "support": 28,
    "confused_with": {
      "cpplus_what_asking": 2,
      "who_are_you": 1
    }
  },
  "deny": {
    "precision": 0.8064516129032258,
    "recall": 0.6410256410256411,
    "f1-score": 0.7142857142857142,
    "support": 39,
    "confused_with": {
      "cpplus_what_asking": 5,
      "who_create_you": 2
    }
  },
  "affirm": {
    "precision": 0.3333333333333333,
    "recall": 0.2,
    "f1-score": 0.25,
    "support": 10,
    "confused_with": {
      "out_of_scope": 1,
      "compliment": 1
    }
  },
  "corona": {
    "precision": 0.9090909090909091,
    "recall": 0.6666666666666666,
    "f1-score": 0.7692307692307692,
    "support": 15,
    "confused_with": {
      "cpplus_specific_video_tutorial_asking": 1,
      "cpplus_what_asking": 1
    }
  },
  "accuracy": 0.7175379426644182,