{
  "flowchart_quest_num": {
    "precision": 0.5833333333333334,
    "recall": 0.04929577464788732,
    "f1-score": 0.0909090909090909,
    "support": 142,
    "confused_with": {}
  },
  "CPPLUS_CONTENT": {
    "precision": 0.0,
    "recall": 0.0,
    "f1-score": 0.0,
    "support": 4,
    "confused_with": {}
  },
  "cpplus_content": {
    "precision": 0.0,
    "recall": 0.0,
    "f1-score": 0.0,
    "support": 2925,
    "confused_with": {}
  },
  "micro avg": {
    "precision": 0.5833333333333334,
    "recall": 0.0022793878215564964,
    "f1-score": 0.00454103146286085,
    "support": 3071
  },
  "macro avg": {
    "precision": 0.19444444444444445,
    "recall": 0.016431924882629106,
    "f1-score": 0.0303030303030303,
    "support": 3071
  },
  "weighted avg": {
    "precision": 0.02697275588841854,
    "recall": 0.002279387821556496,
    "f1-score": 0.004203546372221071,
    "support": 3071
  }
}