{
  "flowchart_quest_num": {
    "precision": 0.4,
    "recall": 0.06779661016949153,
    "f1-score": 0.11594202898550726,
    "support": 59,
    "confused_with": {}
  },
  "cpplus_content": {
    "precision": 0.0,
    "recall": 0.0,
    "f1-score": 0.0,
    "support": 1659,
    "confused_with": {}
  },
  "micro avg": {
    "precision": 0.4,
    "recall": 0.002328288707799767,
    "f1-score": 0.004629629629629629,
    "support": 1718
  },
  "macro avg": {
    "precision": 0.2,
    "recall": 0.03389830508474576,
    "f1-score": 0.05797101449275363,
    "support": 1718
  },
  "weighted avg": {
    "precision": 0.013736903376018628,
    "recall": 0.002328288707799767,
    "f1-score": 0.0039817111234836606,
    "support": 1718
  }
}