{
  "flowchart_quest_num": {
    "precision": 0.9736842105263158,
    "recall": 0.925,
    "f1-score": 0.9487179487179489,
    "support": 40,
    "confused_with": {}
  },
  "cpplus_content": {
    "precision": 0.9487750556792873,
    "recall": 0.9161290322580645,
    "f1-score": 0.9321663019693655,
    "support": 930,
    "confused_with": {}
  },
  "CPPLUS_CONTENT": {
    "precision": 0.0,
    "recall": 0.0,
    "f1-score": 0.0,
    "support": 1,
    "confused_with": {}
  },
  "micro avg": {
    "precision": 0.9497863247863247,
    "recall": 0.9155509783728115,
    "f1-score": 0.9323544834819086,
    "support": 971
  },
  "macro avg": {
    "precision": 0.6408197554018678,
    "recall": 0.6137096774193549,
    "f1-score": 0.6269614168957715,
    "support": 971
  },
  "weighted avg": {
    "precision": 0.9488240681800101,
    "recall": 0.9155509783728115,
    "f1-score": 0.9318881346861254,
    "support": 971
  }
}